[{"model": "holon.scenario", "pk": 444001, "fields": {"name": "Basis - Gasburner for all", "version": 1, "comment": "Basis-scenario - huidige toestand met cv-ketels voor iedereen. Dieselauto's en geen Zon-pv. Restwarmtebronnen wel aanwezige.", "cloned_from": null}}, {"model": "holon.actorgroup", "pk": 444001, "fields": {"name": "COMMERCIAL"}}, {"model": "holon.actorgroup", "pk": 444002, "fields": {"name": "HOUSEHOLD"}}, {"model": "holon.actor", "pk": 444001, "fields": {"polymorphic_ctype": ["holon", "actor"], "category": "OPERATORGRID", "payload": 444001, "group": null, "subgroup": null, "wildcard_JSON": null}}, {"model": "holon.actor", "pk": 444002, "fields": {"polymorphic_ctype": ["holon", "actor"], "category": "HOLONENERGY", "payload": 444001, "group": null, "subgroup": null, "wildcard_JSON": null}}, {"model": "holon.actor", "pk": 444003, "fields": {"polymorphic_ctype": ["holon", "actor"], "category": "HOLONENERGY", "payload": 444001, "group": null, "subgroup": null, "wildcard_JSON": null}}, {"model": "holon.actor", "pk": 444004, "fields": {"polymorphic_ctype": ["holon", "actor"], "category": "HOLONENERGY", "payload": 444001, "group": null, "subgroup": null, "wildcard_JSON": null}}, {"model": "holon.actor", "pk": 444005, "fields": {"polymorphic_ctype": ["holon", "actor"], "category": "HOLONENERGY", "payload": 444001, "group": null, "subgroup": null, "wildcard_JSON": null}}, {"model": "holon.actor", "pk": 444006, "fields": {"polymorphic_ctype": ["holon", "actor"], "category": "HOLONENERGY", "payload": 444001, "group": null, "subgroup": null, "wildcard_JSON": null}}, {"model": "holon.actor", "pk": 444007, "fields": {"polymorphic_ctype": ["holon", "actor"], "category": "HOLONENERGY", "payload": 444001, "group": null, "subgroup": null, "wildcard_JSON": null}}, {"model": "holon.actor", "pk": 444008, "fields": {"polymorphic_ctype": ["holon", "actor"], "category": "HOLONENERGY", "payload": 444001, "group": null, "subgroup": null, "wildcard_JSON": null}}, {"model": "holon.actor", "pk": 444010, "fields": {"polymorphic_ctype": ["holon", "actor"], "category": "CONNECTIONOWNER", "payload": 444001, "group": 444002, "subgroup": null, "wildcard_JSON": null}}, {"model": "holon.actor", "pk": 444011, "fields": {"polymorphic_ctype": ["holon", "actor"], "category": "CONNECTIONOWNER", "payload": 444001, "group": 444001, "subgroup": null, "wildcard_JSON": null}}, {"model": "holon.actor", "pk": 444012, "fields": {"polymorphic_ctype": ["holon", "actor"], "category": "CONNECTIONOWNER", "payload": 444001, "group": 444002, "subgroup": null, "wildcard_JSON": null}}, {"model": "holon.actor", "pk": 444013, "fields": {"polymorphic_ctype": ["holon", "actor"], "category": "CONNECTIONOWNER", "payload": 444001, "group": 444002, "subgroup": null, "wildcard_JSON": null}}, {"model": "holon.actor", "pk": 444014, "fields": {"polymorphic_ctype": ["holon", "actor"], "category": "CONNECTIONOWNER", "payload": 444001, "group": 444002, "subgroup": null, "wildcard_JSON": null}}, {"model": "holon.actor", "pk": 444015, "fields": {"polymorphic_ctype": ["holon", "actor"], "category": "CONNECTIONOWNER", "payload": 444001, "group": 444002, "subgroup": null, "wildcard_JSON": null}}, {"model": "holon.actor", "pk": 444016, "fields": {"polymorphic_ctype": ["holon", "actor"], "category": "CONNECTIONOWNER", "payload": 444001, "group": 444002, "subgroup": null, "wildcard_JSON": null}}, {"model": "holon.actor", "pk": 444018, "fields": {"polymorphic_ctype": ["holon", "actor"], "category": "CONNECTIONOWNER", "payload": 444001, "group": 444001, "subgroup": null, "wildcard_JSON": null}}, {"model": "holon.actor", "pk": 444019, "fields": {"polymorphic_ctype": ["holon", "actor"], "category": "CONNECTIONOWNER", "payload": 444001, "group": 444001, "subgroup": null, "wildcard_JSON": null}}, {"model": "holon.actor", "pk": 444020, "fields": {"polymorphic_ctype": ["holon", "actor"], "category": "CONNECTIONOWNER", "payload": 444001, "group": 444001, "subgroup": null, "wildcard_JSON": null}}, {"model": "holon.actor", "pk": 444021, "fields": {"polymorphic_ctype": ["holon", "actor"], "category": "CONNECTIONOWNER", "payload": 444001, "group": 444001, "subgroup": null, "wildcard_JSON": null}}, {"model": "holon.actor", "pk": 444022, "fields": {"polymorphic_ctype": ["holon", "actor"], "category": "CONNECTIONOWNER", "payload": 444001, "group": 444002, "subgroup": null, "wildcard_JSON": null}}, {"model": "holon.actor", "pk": 444023, "fields": {"polymorphic_ctype": ["holon", "actor"], "category": "SUPPLIERENERGY", "payload": 444001, "group": null, "subgroup": null, "wildcard_JSON": null}}, {"model": "holon.actor", "pk": 444024, "fields": {"polymorphic_ctype": ["holon", "actor"], "category": "GOVHOLON", "payload": 444001, "group": null, "subgroup": null, "wildcard_JSON": null}}, {"model": "holon.gridnode", "pk": 444013, "fields": {"polymorphic_ctype": ["holon", "electricgridnode"], "owner_actor": 444001, "capacity_kw": 5000.0, "parent": null, "payload": 444001, "wildcard_JSON": null}}, {"model": "holon.gridnode", "pk": 444014, "fields": {"polymorphic_ctype": ["holon", "electricgridnode"], "owner_actor": 444001, "capacity_kw": 5000.0, "parent": 444013, "payload": 444001, "wildcard_JSON": null}}, {"model": "holon.gridnode", "pk": 444015, "fields": {"polymorphic_ctype": ["holon", "electricgridnode"], "owner_actor": 444001, "capacity_kw": 5000.0, "parent": 444013, "payload": 444001, "wildcard_JSON": null}}, {"model": "holon.gridnode", "pk": 444016, "fields": {"polymorphic_ctype": ["holon", "electricgridnode"], "owner_actor": 444001, "capacity_kw": 5000.0, "parent": 444013, "payload": 444001, "wildcard_JSON": null}}, {"model": "holon.gridnode", "pk": 444017, "fields": {"polymorphic_ctype": ["holon", "electricgridnode"], "owner_actor": 444001, "capacity_kw": 5000.0, "parent": 444013, "payload": 444001, "wildcard_JSON": null}}, {"model": "holon.gridnode", "pk": 444018, "fields": {"polymorphic_ctype": ["holon", "electricgridnode"], "owner_actor": 444001, "capacity_kw": 5000.0, "parent": 444013, "payload": 444001, "wildcard_JSON": null}}, {"model": "holon.gridnode", "pk": 444019, "fields": {"polymorphic_ctype": ["holon", "electricgridnode"], "owner_actor": 444001, "capacity_kw": 5000.0, "parent": 444013, "payload": 444001, "wildcard_JSON": null}}, {"model": "holon.gridnode", "pk": 444020, "fields": {"polymorphic_ctype": ["holon", "electricgridnode"], "owner_actor": 444001, "capacity_kw": 5000.0, "parent": 444013, "payload": 444001, "wildcard_JSON": null}}, {"model": "holon.gridnode", "pk": 444021, "fields": {"polymorphic_ctype": ["holon", "electricgridnode"], "owner_actor": 444001, "capacity_kw": 5000.0, "parent": 444013, "payload": 444001, "wildcard_JSON": null}}, {"model": "holon.gridnode", "pk": 444023, "fields": {"polymorphic_ctype": ["holon", "heatgridnode"], "owner_actor": 444001, "capacity_kw": 500000.0, "parent": null, "payload": 444001, "wildcard_JSON": null}}, {"model": "holon.gridnode", "pk": 444024, "fields": {"polymorphic_ctype": ["holon", "heatgridnode"], "owner_actor": 444001, "capacity_kw": 500000.0, "parent": null, "payload": 444001, "wildcard_JSON": null}}, {"model": "holon.electricgridnode", "pk": 444013, "fields": {"gridnode_ptr": 444013, "type": "HSMS"}}, {"model": "holon.electricgridnode", "pk": 444014, "fields": {"gridnode_ptr": 444014, "type": "MSLS"}}, {"model": "holon.electricgridnode", "pk": 444015, "fields": {"gridnode_ptr": 444015, "type": "MSLS"}}, {"model": "holon.electricgridnode", "pk": 444016, "fields": {"gridnode_ptr": 444016, "type": "MSLS"}}, {"model": "holon.electricgridnode", "pk": 444017, "fields": {"gridnode_ptr": 444017, "type": "MSLS"}}, {"model": "holon.electricgridnode", "pk": 444018, "fields": {"gridnode_ptr": 444018, "type": "MSLS"}}, {"model": "holon.electricgridnode", "pk": 444019, "fields": {"gridnode_ptr": 444019, "type": "MSLS"}}, {"model": "holon.electricgridnode", "pk": 444020, "fields": {"gridnode_ptr": 444020, "type": "MSLS"}}, {"model": "holon.electricgridnode", "pk": 444021, "fields": {"gridnode_ptr": 444021, "type": "MSLS"}}, {"model": "holon.heatgridnode", "pk": 444023, "fields": {"gridnode_ptr": 444023, "type": "HT"}}, {"model": "holon.heatgridnode", "pk": 444024, "fields": {"gridnode_ptr": 444024, "type": "MT"}}, {"model": "holon.gridconnection", "pk": 444001, "fields": {"polymorphic_ctype": ["holon", "housegridconnection"], "owner_actor": 444010, "capacity_kw": 17.0, "parent_electric": 444014, "parent_heat": null, "charging_mode": "SIMPLE", "battery_mode": null, "electrolyser_mode": null, "payload": 444001, "wildcard_JSON": null, "is_rule_action_template": false}}, {"model": "holon.gridconnection", "pk": 444002, "fields": {"polymorphic_ctype": ["holon", "buildinggridconnection"], "owner_actor": 444011, "capacity_kw": 30.0, "parent_electric": 444014, "parent_heat": null, "charging_mode": "SIMPLE", "battery_mode": null, "electrolyser_mode": null, "payload": 444001, "wildcard_JSON": null, "is_rule_action_template": false}}, {"model": "holon.gridconnection", "pk": 444003, "fields": {"polymorphic_ctype": ["holon", "housegridconnection"], "owner_actor": 444012, "capacity_kw": 17.0, "parent_electric": 444015, "parent_heat": null, "charging_mode": "SIMPLE", "battery_mode": null, "electrolyser_mode": null, "payload": 444001, "wildcard_JSON": null, "is_rule_action_template": false}}, {"model": "holon.gridconnection", "pk": 444004, "fields": {"polymorphic_ctype": ["holon", "housegridconnection"], "owner_actor": 444013, "capacity_kw": 17.0, "parent_electric": 444016, "parent_heat": null, "charging_mode": "SIMPLE", "battery_mode": null, "electrolyser_mode": null, "payload": 444001, "wildcard_JSON": null, "is_rule_action_template": false}}, {"model": "holon.gridconnection", "pk": 444005, "fields": {"polymorphic_ctype": ["holon", "housegridconnection"], "owner_actor": 444014, "capacity_kw": 17.0, "parent_electric": 444017, "parent_heat": null, "charging_mode": "SIMPLE", "battery_mode": null, "electrolyser_mode": null, "payload": 444001, "wildcard_JSON": null, "is_rule_action_template": false}}, {"model": "holon.gridconnection", "pk": 444006, "fields": {"polymorphic_ctype": ["holon", "housegridconnection"], "owner_actor": 444015, "capacity_kw": 17.0, "parent_electric": 444018, "parent_heat": null, "charging_mode": "SIMPLE", "battery_mode": null, "electrolyser_mode": null, "payload": 444001, "wildcard_JSON": null, "is_rule_action_template": false}}, {"model": "holon.gridconnection", "pk": 444007, "fields": {"polymorphic_ctype": ["holon", "housegridconnection"], "owner_actor": 444016, "capacity_kw": 17.0, "parent_electric": 444019, "parent_heat": null, "charging_mode": "SIMPLE", "battery_mode": null, "electrolyser_mode": null, "payload": 444001, "wildcard_JSON": null, "is_rule_action_template": false}}, {"model": "holon.gridconnection", "pk": 444008, "fields": {"polymorphic_ctype": ["holon", "industrygridconnection"], "owner_actor": 444018, "capacity_kw": 1000.0, "parent_electric": 444020, "parent_heat": null, "charging_mode": "SIMPLE", "battery_mode": null, "electrolyser_mode": null, "payload": 444001, "wildcard_JSON": null, "is_rule_action_template": false}}, {"model": "holon.gridconnection", "pk": 444009, "fields": {"polymorphic_ctype": ["holon", "productiongridconnection"], "owner_actor": 444019, "capacity_kw": 1000.0, "parent_electric": 444020, "parent_heat": 444023, "charging_mode": "SIMPLE", "battery_mode": null, "electrolyser_mode": null, "payload": 444001, "wildcard_JSON": null, "is_rule_action_template": false}}, {"model": "holon.gridconnection", "pk": 444010, "fields": {"polymorphic_ctype": ["holon", "districtheatinggridconnection"], "owner_actor": 444020, "capacity_kw": 1000.0, "parent_electric": 444020, "parent_heat": 444023, "charging_mode": "SIMPLE", "battery_mode": null, "electrolyser_mode": null, "payload": 444001, "wildcard_JSON": null, "is_rule_action_template": false}}, {"model": "holon.gridconnection", "pk": 444011, "fields": {"polymorphic_ctype": ["holon", "districtheatinggridconnection"], "owner_actor": 444021, "capacity_kw": 1000.0, "parent_electric": 444021, "parent_heat": 444024, "charging_mode": "SIMPLE", "battery_mode": null, "electrolyser_mode": null, "payload": 444001, "wildcard_JSON": null, "is_rule_action_template": false}}, {"model": "holon.gridconnection", "pk": 444012, "fields": {"polymorphic_ctype": ["holon", "housegridconnection"], "owner_actor": 444022, "capacity_kw": 17.0, "parent_electric": 444018, "parent_heat": null, "charging_mode": "SIMPLE", "battery_mode": null, "electrolyser_mode": null, "payload": 444001, "wildcard_JSON": null, "is_rule_action_template": false}}, {"model": "holon.builtenvironmentgridconnection", "pk": 444001, "fields": {"gridconnection_ptr": 444001, "insulation_label": 4, "heating_type": "GASBURNER", "tempSetpointNight_degC": 16.0, "tempSetpointNight_start_hr": 20.0, "tempSetpointDay_degC": 20.0, "tempSetpointDay_start_hr": 8.0, "pricelevelLowDifFromAvg_eurpkWh": 0.018, "pricelevelHighDifFromAvg_eurpkWh": 0.009}}, {"model": "holon.builtenvironmentgridconnection", "pk": 444002, "fields": {"gridconnection_ptr": 444002, "insulation_label": 4, "heating_type": "GASBURNER", "tempSetpointNight_degC": 16.0, "tempSetpointNight_start_hr": 20.0, "tempSetpointDay_degC": 20.0, "tempSetpointDay_start_hr": 8.0, "pricelevelLowDifFromAvg_eurpkWh": null, "pricelevelHighDifFromAvg_eurpkWh": null}}, {"model": "holon.builtenvironmentgridconnection", "pk": 444003, "fields": {"gridconnection_ptr": 444003, "insulation_label": 6, "heating_type": "GASBURNER", "tempSetpointNight_degC": 15.0, "tempSetpointNight_start_hr": 23.0, "tempSetpointDay_degC": 20.0, "tempSetpointDay_start_hr": 7.0, "pricelevelLowDifFromAvg_eurpkWh": 0.018, "pricelevelHighDifFromAvg_eurpkWh": 0.09}}, {"model": "holon.builtenvironmentgridconnection", "pk": 444004, "fields": {"gridconnection_ptr": 444004, "insulation_label": 7, "heating_type": "GASBURNER", "tempSetpointNight_degC": 16.0, "tempSetpointNight_start_hr": 20.0, "tempSetpointDay_degC": 20.0, "tempSetpointDay_start_hr": 8.0, "pricelevelLowDifFromAvg_eurpkWh": null, "pricelevelHighDifFromAvg_eurpkWh": null}}, {"model": "holon.builtenvironmentgridconnection", "pk": 444005, "fields": {"gridconnection_ptr": 444005, "insulation_label": 5, "heating_type": "GASBURNER", "tempSetpointNight_degC": 16.0, "tempSetpointNight_start_hr": 20.0, "tempSetpointDay_degC": 20.0, "tempSetpointDay_start_hr": 8.0, "pricelevelLowDifFromAvg_eurpkWh": 0.018, "pricelevelHighDifFromAvg_eurpkWh": 0.009}}, {"model": "holon.builtenvironmentgridconnection", "pk": 444006, "fields": {"gridconnection_ptr": 444006, "insulation_label": 5, "heating_type": "GASBURNER", "tempSetpointNight_degC": 16.0, "tempSetpointNight_start_hr": 20.0, "tempSetpointDay_degC": 20.0, "tempSetpointDay_start_hr": 8.0, "pricelevelLowDifFromAvg_eurpkWh": 0.018, "pricelevelHighDifFromAvg_eurpkWh": 0.09}}, {"model": "holon.builtenvironmentgridconnection", "pk": 444007, "fields": {"gridconnection_ptr": 444007, "insulation_label": 2, "heating_type": "GASBURNER", "tempSetpointNight_degC": 16.0, "tempSetpointNight_start_hr": 20.0, "tempSetpointDay_degC": 20.0, "tempSetpointDay_start_hr": 8.0, "pricelevelLowDifFromAvg_eurpkWh": 0.018, "pricelevelHighDifFromAvg_eurpkWh": 0.09}}, {"model": "holon.builtenvironmentgridconnection", "pk": 444012, "fields": {"gridconnection_ptr": 444012, "insulation_label": 5, "heating_type": "GASBURNER", "tempSetpointNight_degC": 16.0, "tempSetpointNight_start_hr": 20.0, "tempSetpointDay_degC": 20.0, "tempSetpointDay_start_hr": 8.0, "pricelevelLowDifFromAvg_eurpkWh": 0.018, "pricelevelHighDifFromAvg_eurpkWh": 0.09}}, {"model": "holon.utilitygridconnection", "pk": 444008, "fields": {"gridconnection_ptr": 444008, "heating_type": "GASBURNER"}}, {"model": "holon.utilitygridconnection", "pk": 444010, "fields": {"gridconnection_ptr": 444010, "heating_type": "GASFIRED_CHPPEAK"}}, {"model": "holon.utilitygridconnection", "pk": 444011, "fields": {"gridconnection_ptr": 444011, "heating_type": "LT_RESIDUAL_HEATPUMP_GASPEAK"}}, {"model": "holon.housegridconnection", "pk": 444001, "fields": {"builtenvironmentgridconnection_ptr": 444001, "type": "APPARTMENT", "smart_assets": false}}, {"model": "holon.housegridconnection", "pk": 444003, "fields": {"builtenvironmentgridconnection_ptr": 444003, "type": "SEMIDETACHED", "smart_assets": false}}, {"model": "holon.housegridconnection", "pk": 444004, "fields": {"builtenvironmentgridconnection_ptr": 444004, "type": "APPARTMENT", "smart_assets": false}}, {"model": "holon.housegridconnection", "pk": 444005, "fields": {"builtenvironmentgridconnection_ptr": 444005, "type": "HIGHRISE", "smart_assets": false}}, {"model": "holon.housegridconnection", "pk": 444006, "fields": {"builtenvironmentgridconnection_ptr": 444006, "type": "TERRACED", "smart_assets": false}}, {"model": "holon.housegridconnection", "pk": 444007, "fields": {"builtenvironmentgridconnection_ptr": 444007, "type": "DETACHED", "smart_assets": false}}, {"model": "holon.housegridconnection", "pk": 444012, "fields": {"builtenvironmentgridconnection_ptr": 444012, "type": "SEMIDETACHED", "smart_assets": false}}, {"model": "holon.buildinggridconnection", "pk": 444002, "fields": {"builtenvironmentgridconnection_ptr": 444002, "type": "STORE"}}, {"model": "holon.productiongridconnection", "pk": 444009, "fields": {"gridconnection_ptr": 444009, "category": "RESIDUALHEAT"}}, {"model": "holon.industrygridconnection", "pk": 444008, "fields": {"utilitygridconnection_ptr": 444008, "type": "INDUSTRY_OTHER"}}, {"model": "holon.districtheatinggridconnection", "pk": 444010, "fields": {"utilitygridconnection_ptr": 444010, "type": "HT", "smart_assets": false}}, {"model": "holon.districtheatinggridconnection", "pk": 444011, "fields": {"utilitygridconnection_ptr": 444011, "type": "MT", "smart_assets": false}}, {"model": "holon.energyasset", "pk": 444001, "fields": {"polymorphic_ctype": ["holon", "productionasset"], "gridconnection": 444009, "gridnode": null, "name": "Residual_heat", "wildcard_JSON": null, "is_rule_action_template": false}}, {"model": "holon.energyasset", "pk": 444002, "fields": {"polymorphic_ctype": ["holon", "productionasset"], "gridconnection": 444011, "gridnode": null, "name": "Residual_heat", "wildcard_JSON": null, "is_rule_action_template": false}}, {"model": "holon.energyasset", "pk": 444006, "fields": {"polymorphic_ctype": ["holon", "heatstorageasset"], "gridconnection": 444011, "gridnode": null, "name": "District_Heating_heat_buffer_MT_S", "wildcard_JSON": null, "is_rule_action_template": false}}, {"model": "holon.energyasset", "pk": 444009, "fields": {"polymorphic_ctype": ["holon", "heatstorageasset"], "gridconnection": 444010, "gridnode": null, "name": "District_Heating_heat_buffer_HT_S", "wildcard_JSON": null, "is_rule_action_template": false}}, {"model": "holon.energyasset", "pk": 444010, "fields": {"polymorphic_ctype": ["holon", "heatproductionasset"], "gridconnection": 444009, "gridnode": null, "name": "Residual_heat", "wildcard_JSON": null, "is_rule_action_template": false}}, {"model": "holon.energyasset", "pk": 444012, "fields": {"polymorphic_ctype": ["holon", "chemicalheatconversionasset"], "gridconnection": 444009, "gridnode": null, "name": "CurtailerHeat", "wildcard_JSON": null, "is_rule_action_template": false}}, {"model": "holon.energyasset", "pk": 444013, "fields": {"polymorphic_ctype": ["holon", "heatproductionasset"], "gridconnection": 444011, "gridnode": null, "name": "Residual_heat", "wildcard_JSON": null, "is_rule_action_template": false}}, {"model": "holon.energyasset", "pk": 444014, "fields": {"polymorphic_ctype": ["holon", "electricheatconversionasset"], "gridconnection": 444011, "gridnode": null, "name": "DH_heat_pump_water_MT_M", "wildcard_JSON": null, "is_rule_action_template": false}}, {"model": "holon.energyasset", "pk": 444015, "fields": {"polymorphic_ctype": ["holon", "chemicalheatconversionasset"], "gridconnection": 444011, "gridnode": null, "name": "DH_boiler_L", "wildcard_JSON": null, "is_rule_action_template": false}}, {"model": "holon.energyasset", "pk": 444017, "fields": {"polymorphic_ctype": ["holon", "heatstorageasset"], "gridconnection": null, "gridnode": 444023, "name": "District_Heating_network_HT_M", "wildcard_JSON": null, "is_rule_action_template": false}}, {"model": "holon.energyasset", "pk": 444018, "fields": {"polymorphic_ctype": ["holon", "heatstorageasset"], "gridconnection": null, "gridnode": 444024, "name": "District_Heating_network_MT_S", "wildcard_JSON": null, "is_rule_action_template": false}}, {"model": "holon.energyasset", "pk": 444019, "fields": {"polymorphic_ctype": ["holon", "heatstorageasset"], "gridconnection": 444001, "gridnode": null, "name": "House_heatmodel_D", "wildcard_JSON": null, "is_rule_action_template": false}}, {"model": "holon.energyasset", "pk": 444020, "fields": {"polymorphic_ctype": ["holon", "electricconsumptionasset"], "gridconnection": 444001, "gridnode": null, "name": "House_other_electricity", "wildcard_JSON": null, "is_rule_action_template": false}}, {"model": "holon.energyasset", "pk": 444021, "fields": {"polymorphic_ctype": ["holon", "heatconsumptionasset"], "gridconnection": 444001, "gridnode": null, "name": "House_hot_water", "wildcard_JSON": null, "is_rule_action_template": false}}, {"model": "holon.energyasset", "pk": 444022, "fields": {"polymorphic_ctype": ["holon", "cookingconversionasset"], "gridconnection": 444001, "gridnode": null, "name": "Gas pit", "wildcard_JSON": null, "is_rule_action_template": false}}, {"model": "holon.energyasset", "pk": 444023, "fields": {"polymorphic_ctype": ["holon", "chemicalheatconversionasset"], "gridconnection": 444001, "gridnode": null, "name": "House_gas_burner", "wildcard_JSON": null, "is_rule_action_template": false}}, {"model": "holon.energyasset", "pk": 444024, "fields": {"polymorphic_ctype": ["holon", "dieselvehicleasset"], "gridconnection": 444001, "gridnode": null, "name": "Diesel_Vehicle", "wildcard_JSON": null, "is_rule_action_template": false}}, {"model": "holon.energyasset", "pk": 444025, "fields": {"polymorphic_ctype": ["holon", "heatstorageasset"], "gridconnection": 444002, "gridnode": null, "name": "House_heatmodel_D", "wildcard_JSON": null, "is_rule_action_template": false}}, {"model": "holon.energyasset", "pk": 444026, "fields": {"polymorphic_ctype": ["holon", "electricconsumptionasset"], "gridconnection": 444002, "gridnode": null, "name": "Store_other_electricity", "wildcard_JSON": null, "is_rule_action_template": false}}, {"model": "holon.energyasset", "pk": 444027, "fields": {"polymorphic_ctype": ["holon", "chemicalheatconversionasset"], "gridconnection": 444002, "gridnode": null, "name": "Building_gas_burner", "wildcard_JSON": null, "is_rule_action_template": false}}, {"model": "holon.energyasset", "pk": 444028, "fields": {"polymorphic_ctype": ["holon", "heatstorageasset"], "gridconnection": 444003, "gridnode": null, "name": "House_heatmodel_B", "wildcard_JSON": null, "is_rule_action_template": false}}, {"model": "holon.energyasset", "pk": 444029, "fields": {"polymorphic_ctype": ["holon", "electricconsumptionasset"], "gridconnection": 444003, "gridnode": null, "name": "House_other_electricity", "wildcard_JSON": null, "is_rule_action_template": false}}, {"model": "holon.energyasset", "pk": 444030, "fields": {"polymorphic_ctype": ["holon", "heatconsumptionasset"], "gridconnection": 444003, "gridnode": null, "name": "House_hot_wate", "wildcard_JSON": null, "is_rule_action_template": false}}, {"model": "holon.energyasset", "pk": 444031, "fields": {"polymorphic_ctype": ["holon", "cookingconversionasset"], "gridconnection": 444003, "gridnode": null, "name": "Gas pit", "wildcard_JSON": null, "is_rule_action_template": false}}, {"model": "holon.energyasset", "pk": 444032, "fields": {"polymorphic_ctype": ["holon", "chemicalheatconversionasset"], "gridconnection": 444003, "gridnode": null, "name": "House_gas_burner", "wildcard_JSON": null, "is_rule_action_template": false}}, {"model": "holon.energyasset", "pk": 444033, "fields": {"polymorphic_ctype": ["holon", "dieselvehicleasset"], "gridconnection": 444003, "gridnode": null, "name": "Diesel_Vehicle", "wildcard_JSON": null, "is_rule_action_template": false}}, {"model": "holon.energyasset", "pk": 444034, "fields": {"polymorphic_ctype": ["holon", "heatstorageasset"], "gridconnection": 444004, "gridnode": null, "name": "House_heatmodel_A", "wildcard_JSON": null, "is_rule_action_template": false}}, {"model": "holon.energyasset", "pk": 444035, "fields": {"polymorphic_ctype": ["holon", "electricconsumptionasset"], "gridconnection": 444004, "gridnode": null, "name": "House_other_electricity", "wildcard_JSON": null, "is_rule_action_template": false}}, {"model": "holon.energyasset", "pk": 444036, "fields": {"polymorphic_ctype": ["holon", "heatconsumptionasset"], "gridconnection": 444004, "gridnode": null, "name": "House_hot_water", "wildcard_JSON": null, "is_rule_action_template": false}}, {"model": "holon.energyasset", "pk": 444037, "fields": {"polymorphic_ctype": ["holon", "cookingconversionasset"], "gridconnection": 444004, "gridnode": null, "name": "Gas pit", "wildcard_JSON": null, "is_rule_action_template": false}}, {"model": "holon.energyasset", "pk": 444038, "fields": {"polymorphic_ctype": ["holon", "chemicalheatconversionasset"], "gridconnection": 444004, "gridnode": null, "name": "House_gas_burner", "wildcard_JSON": null, "is_rule_action_template": false}}, {"model": "holon.energyasset", "pk": 444039, "fields": {"polymorphic_ctype": ["holon", "dieselvehicleasset"], "gridconnection": 444004, "gridnode": null, "name": "Diesel_Vehicle", "wildcard_JSON": null, "is_rule_action_template": false}}, {"model": "holon.energyasset", "pk": 444040, "fields": {"polymorphic_ctype": ["holon", "heatstorageasset"], "gridconnection": 444005, "gridnode": null, "name": "House_heatmodel_C", "wildcard_JSON": null, "is_rule_action_template": false}}, {"model": "holon.energyasset", "pk": 444041, "fields": {"polymorphic_ctype": ["holon", "electricconsumptionasset"], "gridconnection": 444005, "gridnode": null, "name": "House_other_electricity", "wildcard_JSON": null, "is_rule_action_template": false}}, {"model": "holon.energyasset", "pk": 444042, "fields": {"polymorphic_ctype": ["holon", "heatconsumptionasset"], "gridconnection": 444005, "gridnode": null, "name": "House_hot_water", "wildcard_JSON": null, "is_rule_action_template": false}}, {"model": "holon.energyasset", "pk": 444043, "fields": {"polymorphic_ctype": ["holon", "cookingconversionasset"], "gridconnection": 444005, "gridnode": null, "name": "Gas pit", "wildcard_JSON": null, "is_rule_action_template": false}}, {"model": "holon.energyasset", "pk": 444044, "fields": {"polymorphic_ctype": ["holon", "chemicalheatconversionasset"], "gridconnection": 444005, "gridnode": null, "name": "House_gas_burner", "wildcard_JSON": null, "is_rule_action_template": false}}, {"model": "holon.energyasset", "pk": 444045, "fields": {"polymorphic_ctype": ["holon", "dieselvehicleasset"], "gridconnection": 444005, "gridnode": null, "name": "Diesel_Vehicle", "wildcard_JSON": null, "is_rule_action_template": false}}, {"model": "holon.energyasset", "pk": 444046, "fields": {"polymorphic_ctype": ["holon", "heatstorageasset"], "gridconnection": 444006, "gridnode": null, "name": "House_heatmodel_C", "wildcard_JSON": null, "is_rule_action_template": false}}, {"model": "holon.energyasset", "pk": 444047, "fields": {"polymorphic_ctype": ["holon", "electricconsumptionasset"], "gridconnection": 444006, "gridnode": null, "name": "House_other_electricity", "wildcard_JSON": null, "is_rule_action_template": false}}, {"model": "holon.energyasset", "pk": 444048, "fields": {"polymorphic_ctype": ["holon", "heatconsumptionasset"], "gridconnection": 444006, "gridnode": null, "name": "House_hot_water", "wildcard_JSON": null, "is_rule_action_template": false}}, {"model": "holon.energyasset", "pk": 444049, "fields": {"polymorphic_ctype": ["holon", "cookingconversionasset"], "gridconnection": 444006, "gridnode": null, "name": "Gas pit", "wildcard_JSON": null, "is_rule_action_template": false}}, {"model": "holon.energyasset", "pk": 444050, "fields": {"polymorphic_ctype": ["holon", "chemicalheatconversionasset"], "gridconnection": 444006, "gridnode": null, "name": "House_gas_burner", "wildcard_JSON": null, "is_rule_action_template": false}}, {"model": "holon.energyasset", "pk": 444051, "fields": {"polymorphic_ctype": ["holon", "dieselvehicleasset"], "gridconnection": 444006, "gridnode": null, "name": "Diesel_Vehicle", "wildcard_JSON": null, "is_rule_action_template": false}}, {"model": "holon.energyasset", "pk": 444052, "fields": {"polymorphic_ctype": ["holon", "heatstorageasset"], "gridconnection": 444012, "gridnode": null, "name": "House_heatmodel_C", "wildcard_JSON": null, "is_rule_action_template": false}}, {"model": "holon.energyasset", "pk": 444053, "fields": {"polymorphic_ctype": ["holon", "electricconsumptionasset"], "gridconnection": 444012, "gridnode": null, "name": "House_other_electricity", "wildcard_JSON": null, "is_rule_action_template": false}}, {"model": "holon.energyasset", "pk": 444054, "fields": {"polymorphic_ctype": ["holon", "heatconsumptionasset"], "gridconnection": 444012, "gridnode": null, "name": "House_hot_water", "wildcard_JSON": null, "is_rule_action_template": false}}, {"model": "holon.energyasset", "pk": 444055, "fields": {"polymorphic_ctype": ["holon", "cookingconversionasset"], "gridconnection": 444012, "gridnode": null, "name": "Gas pit", "wildcard_JSON": null, "is_rule_action_template": false}}, {"model": "holon.energyasset", "pk": 444056, "fields": {"polymorphic_ctype": ["holon", "chemicalheatconversionasset"], "gridconnection": 444012, "gridnode": null, "name": "House_gas_burner", "wildcard_JSON": null, "is_rule_action_template": false}}, {"model": "holon.energyasset", "pk": 444057, "fields": {"polymorphic_ctype": ["holon", "chemicalheatconversionasset"], "gridconnection": 444012, "gridnode": null, "name": "House_gas_burner", "wildcard_JSON": null, "is_rule_action_template": false}}, {"model": "holon.energyasset", "pk": 444058, "fields": {"polymorphic_ctype": ["holon", "dieselvehicleasset"], "gridconnection": 444012, "gridnode": null, "name": "Diesel_Vehicle", "wildcard_JSON": null, "is_rule_action_template": false}}, {"model": "holon.energyasset", "pk": 444059, "fields": {"polymorphic_ctype": ["holon", "heatstorageasset"], "gridconnection": 444007, "gridnode": null, "name": "House_heatmodel_F", "wildcard_JSON": null, "is_rule_action_template": false}}, {"model": "holon.energyasset", "pk": 444060, "fields": {"polymorphic_ctype": ["holon", "electricconsumptionasset"], "gridconnection": 444007, "gridnode": null, "name": "House_other_electricity", "wildcard_JSON": null, "is_rule_action_template": false}}, {"model": "holon.energyasset", "pk": 444061, "fields": {"polymorphic_ctype": ["holon", "heatconsumptionasset"], "gridconnection": 444007, "gridnode": null, "name": "House_hot_water", "wildcard_JSON": null, "is_rule_action_template": false}}, {"model": "holon.energyasset", "pk": 444062, "fields": {"polymorphic_ctype": ["holon", "cookingconversionasset"], "gridconnection": 444007, "gridnode": null, "name": "Gas pit", "wildcard_JSON": null, "is_rule_action_template": false}}, {"model": "holon.energyasset", "pk": 444063, "fields": {"polymorphic_ctype": ["holon", "chemicalheatconversionasset"], "gridconnection": 444007, "gridnode": null, "name": "House_gas_burner", "wildcard_JSON": null, "is_rule_action_template": false}}, {"model": "holon.energyasset", "pk": 444064, "fields": {"polymorphic_ctype": ["holon", "dieselvehicleasset"], "gridconnection": 444007, "gridnode": null, "name": "Diesel_Vehicle", "wildcard_JSON": null, "is_rule_action_template": false}}, {"model": "holon.energyasset", "pk": 444065, "fields": {"polymorphic_ctype": ["holon", "hybridheatcoversionasset"], "gridconnection": 444010, "gridnode": null, "name": "Methane_CHP_M", "wildcard_JSON": null, "is_rule_action_template": false}}, {"model": "holon.energyasset", "pk": 444067, "fields": {"polymorphic_ctype": ["holon", "transportheatconversionasset"], "gridconnection": 444011, "gridnode": null, "name": "DH_heat_pump_water_MT_M", "wildcard_JSON": null, "is_rule_action_template": false}}, {"model": "holon.consumptionasset", "pk": 444020, "fields": {"energyasset_ptr": 444020, "type": "ELECTRICITY_DEMAND"}}, {"model": "holon.consumptionasset", "pk": 444021, "fields": {"energyasset_ptr": 444021, "type": "HOT_WATER_CONSUMPTION"}}, {"model": "holon.consumptionasset", "pk": 444024, "fields": {"energyasset_ptr": 444024, "type": "DIESEL_VEHICLE"}}, {"model": "holon.consumptionasset", "pk": 444026, "fields": {"energyasset_ptr": 444026, "type": "ELECTRICITY_DEMAND"}}, {"model": "holon.consumptionasset", "pk": 444029, "fields": {"energyasset_ptr": 444029, "type": "ELECTRICITY_DEMAND"}}, {"model": "holon.consumptionasset", "pk": 444030, "fields": {"energyasset_ptr": 444030, "type": "HOT_WATER_CONSUMPTION"}}, {"model": "holon.consumptionasset", "pk": 444033, "fields": {"energyasset_ptr": 444033, "type": "DIESEL_VEHICLE"}}, {"model": "holon.consumptionasset", "pk": 444035, "fields": {"energyasset_ptr": 444035, "type": "ELECTRICITY_DEMAND"}}, {"model": "holon.consumptionasset", "pk": 444036, "fields": {"energyasset_ptr": 444036, "type": "HOT_WATER_CONSUMPTION"}}, {"model": "holon.consumptionasset", "pk": 444039, "fields": {"energyasset_ptr": 444039, "type": "DIESEL_VEHICLE"}}, {"model": "holon.consumptionasset", "pk": 444041, "fields": {"energyasset_ptr": 444041, "type": "ELECTRICITY_DEMAND"}}, {"model": "holon.consumptionasset", "pk": 444042, "fields": {"energyasset_ptr": 444042, "type": "HOT_WATER_CONSUMPTION"}}, {"model": "holon.consumptionasset", "pk": 444045, "fields": {"energyasset_ptr": 444045, "type": "DIESEL_VEHICLE"}}, {"model": "holon.consumptionasset", "pk": 444047, "fields": {"energyasset_ptr": 444047, "type": "ELECTRICITY_DEMAND"}}, {"model": "holon.consumptionasset", "pk": 444048, "fields": {"energyasset_ptr": 444048, "type": "HOT_WATER_CONSUMPTION"}}, {"model": "holon.consumptionasset", "pk": 444051, "fields": {"energyasset_ptr": 444051, "type": "DIESEL_VEHICLE"}}, {"model": "holon.consumptionasset", "pk": 444053, "fields": {"energyasset_ptr": 444053, "type": "ELECTRICITY_DEMAND"}}, {"model": "holon.consumptionasset", "pk": 444054, "fields": {"energyasset_ptr": 444054, "type": "HOT_WATER_CONSUMPTION"}}, {"model": "holon.consumptionasset", "pk": 444058, "fields": {"energyasset_ptr": 444058, "type": "DIESEL_VEHICLE"}}, {"model": "holon.consumptionasset", "pk": 444060, "fields": {"energyasset_ptr": 444060, "type": "ELECTRICITY_DEMAND"}}, {"model": "holon.consumptionasset", "pk": 444061, "fields": {"energyasset_ptr": 444061, "type": "HOT_WATER_CONSUMPTION"}}, {"model": "holon.consumptionasset", "pk": 444064, "fields": {"energyasset_ptr": 444064, "type": "DIESEL_VEHICLE"}}, {"model": "holon.dieselvehicleasset", "pk": 444024, "fields": {"consumptionasset_ptr": 444024, "energyConsumption_kWhpkm": 0.8, "vehicleScaling": 1}}, {"model": "holon.dieselvehicleasset", "pk": 444033, "fields": {"consumptionasset_ptr": 444033, "energyConsumption_kWhpkm": 0.8, "vehicleScaling": 1}}, {"model": "holon.dieselvehicleasset", "pk": 444039, "fields": {"consumptionasset_ptr": 444039, "energyConsumption_kWhpkm": 0.8, "vehicleScaling": 1}}, {"model": "holon.dieselvehicleasset", "pk": 444045, "fields": {"consumptionasset_ptr": 444045, "energyConsumption_kWhpkm": 0.8, "vehicleScaling": 1}}, {"model": "holon.dieselvehicleasset", "pk": 444051, "fields": {"consumptionasset_ptr": 444051, "energyConsumption_kWhpkm": 0.8, "vehicleScaling": 1}}, {"model": "holon.dieselvehicleasset", "pk": 444058, "fields": {"consumptionasset_ptr": 444058, "energyConsumption_kWhpkm": 0.8, "vehicleScaling": 1}}, {"model": "holon.dieselvehicleasset", "pk": 444064, "fields": {"consumptionasset_ptr": 444064, "energyConsumption_kWhpkm": 0.8, "vehicleScaling": 1}}, {"model": "holon.heatconsumptionasset", "pk": 444021, "fields": {"consumptionasset_ptr": 444021, "yearlyDemandHeat_kWh": 2000.0}}, {"model": "holon.heatconsumptionasset", "pk": 444030, "fields": {"consumptionasset_ptr": 444030, "yearlyDemandHeat_kWh": 2000.0}}, {"model": "holon.heatconsumptionasset", "pk": 444036, "fields": {"consumptionasset_ptr": 444036, "yearlyDemandHeat_kWh": 2000.0}}, {"model": "holon.heatconsumptionasset", "pk": 444042, "fields": {"consumptionasset_ptr": 444042, "yearlyDemandHeat_kWh": 2000.0}}, {"model": "holon.heatconsumptionasset", "pk": 444048, "fields": {"consumptionasset_ptr": 444048, "yearlyDemandHeat_kWh": 2000.0}}, {"model": "holon.heatconsumptionasset", "pk": 444054, "fields": {"consumptionasset_ptr": 444054, "yearlyDemandHeat_kWh": 2000.0}}, {"model": "holon.heatconsumptionasset", "pk": 444061, "fields": {"consumptionasset_ptr": 444061, "yearlyDemandHeat_kWh": 2000.0}}, {"model": "holon.electricconsumptionasset", "pk": 444020, "fields": {"consumptionasset_ptr": 444020, "yearlyDemandElectricity_kWh": 11000.0}}, {"model": "holon.electricconsumptionasset", "pk": 444026, "fields": {"consumptionasset_ptr": 444026, "yearlyDemandElectricity_kWh": 35000.0}}, {"model": "holon.electricconsumptionasset", "pk": 444029, "fields": {"consumptionasset_ptr": 444029, "yearlyDemandElectricity_kWh": 11000.0}}, {"model": "holon.electricconsumptionasset", "pk": 444035, "fields": {"consumptionasset_ptr": 444035, "yearlyDemandElectricity_kWh": 11000.0}}, {"model": "holon.electricconsumptionasset", "pk": 444041, "fields": {"consumptionasset_ptr": 444041, "yearlyDemandElectricity_kWh": 11000.0}}, {"model": "holon.electricconsumptionasset", "pk": 444047, "fields": {"consumptionasset_ptr": 444047, "yearlyDemandElectricity_kWh": 11000.0}}, {"model": "holon.electricconsumptionasset", "pk": 444053, "fields": {"consumptionasset_ptr": 444053, "yearlyDemandElectricity_kWh": 11000.0}}, {"model": "holon.electricconsumptionasset", "pk": 444060, "fields": {"consumptionasset_ptr": 444060, "yearlyDemandElectricity_kWh": 11000.0}}, {"model": "holon.conversionasset", "pk": 444012, "fields": {"energyasset_ptr": 444012, "type": "CURTAILER_HEAT", "eta_r": 0.0}}, {"model": "holon.conversionasset", "pk": 444014, "fields": {"energyasset_ptr": 444014, "type": "HEAT_PUMP_WATER", "eta_r": 0.5}}, {"model": "holon.conversionasset", "pk": 444015, "fields": {"energyasset_ptr": 444015, "type": "GAS_BURNER", "eta_r": 0.95}}, {"model": "holon.conversionasset", "pk": 444023, "fields": {"energyasset_ptr": 444023, "type": "GAS_BURNER", "eta_r": 0.95}}, {"model": "holon.conversionasset", "pk": 444027, "fields": {"energyasset_ptr": 444027, "type": "GAS_BURNER", "eta_r": 0.95}}, {"model": "holon.conversionasset", "pk": 444032, "fields": {"energyasset_ptr": 444032, "type": "GAS_BURNER", "eta_r": 0.95}}, {"model": "holon.conversionasset", "pk": 444038, "fields": {"energyasset_ptr": 444038, "type": "GAS_BURNER", "eta_r": 0.95}}, {"model": "holon.conversionasset", "pk": 444044, "fields": {"energyasset_ptr": 444044, "type": "GAS_BURNER", "eta_r": 0.95}}, {"model": "holon.conversionasset", "pk": 444050, "fields": {"energyasset_ptr": 444050, "type": "GAS_BURNER", "eta_r": 0.95}}, {"model": "holon.conversionasset", "pk": 444056, "fields": {"energyasset_ptr": 444056, "type": "GAS_BURNER", "eta_r": 0.95}}, {"model": "holon.conversionasset", "pk": 444057, "fields": {"energyasset_ptr": 444057, "type": "GAS_BURNER", "eta_r": 0.95}}, {"model": "holon.conversionasset", "pk": 444063, "fields": {"energyasset_ptr": 444063, "type": "GAS_BURNER", "eta_r": 0.95}}, {"model": "holon.conversionasset", "pk": 444065, "fields": {"energyasset_ptr": 444065, "type": "METHANE_CHP", "eta_r": 0.95}}, {"model": "holon.conversionasset", "pk": 444067, "fields": {"energyasset_ptr": 444067, "type": "HEAT_PUMP_WATER", "eta_r": 0.5}}, {"model": "holon.cookingconversionasset", "pk": 444022, "fields": {"energyasset_ptr": 444022, "type": "GAS_PIT", "capacityHeat_kW": 8.0, "capacityElectricity_kW": null, "eta_r": 0.75}}, {"model": "holon.cookingconversionasset", "pk": 444031, "fields": {"energyasset_ptr": 444031, "type": "GAS_PIT", "capacityHeat_kW": 8.0, "capacityElectricity_kW": null, "eta_r": 0.75}}, {"model": "holon.cookingconversionasset", "pk": 444037, "fields": {"energyasset_ptr": 444037, "type": "GAS_PIT", "capacityHeat_kW": 8.0, "capacityElectricity_kW": null, "eta_r": 0.75}}, {"model": "holon.cookingconversionasset", "pk": 444043, "fields": {"energyasset_ptr": 444043, "type": "GAS_PIT", "capacityHeat_kW": 8.0, "capacityElectricity_kW": null, "eta_r": 0.75}}, {"model": "holon.cookingconversionasset", "pk": 444049, "fields": {"energyasset_ptr": 444049, "type": "GAS_PIT", "capacityHeat_kW": 8.0, "capacityElectricity_kW": null, "eta_r": 0.75}}, {"model": "holon.cookingconversionasset", "pk": 444055, "fields": {"energyasset_ptr": 444055, "type": "GAS_PIT", "capacityHeat_kW": 8.0, "capacityElectricity_kW": null, "eta_r": 0.75}}, {"model": "holon.cookingconversionasset", "pk": 444062, "fields": {"energyasset_ptr": 444062, "type": "GAS_PIT", "capacityHeat_kW": 8.0, "capacityElectricity_kW": null, "eta_r": 0.75}}, {"model": "holon.heatconversionasset", "pk": 444012, "fields": {"conversionasset_ptr": 444012, "deliveryTemp_degC": 0.0}}, {"model": "holon.heatconversionasset", "pk": 444014, "fields": {"conversionasset_ptr": 444014, "deliveryTemp_degC": 60.0}}, {"model": "holon.heatconversionasset", "pk": 444015, "fields": {"conversionasset_ptr": 444015, "deliveryTemp_degC": 100.0}}, {"model": "holon.heatconversionasset", "pk": 444023, "fields": {"conversionasset_ptr": 444023, "deliveryTemp_degC": 90.0}}, {"model": "holon.heatconversionasset", "pk": 444027, "fields": {"conversionasset_ptr": 444027, "deliveryTemp_degC": 90.0}}, {"model": "holon.heatconversionasset", "pk": 444032, "fields": {"conversionasset_ptr": 444032, "deliveryTemp_degC": 90.0}}, {"model": "holon.heatconversionasset", "pk": 444038, "fields": {"conversionasset_ptr": 444038, "deliveryTemp_degC": 90.0}}, {"model": "holon.heatconversionasset", "pk": 444044, "fields": {"conversionasset_ptr": 444044, "deliveryTemp_degC": 90.0}}, {"model": "holon.heatconversionasset", "pk": 444050, "fields": {"conversionasset_ptr": 444050, "deliveryTemp_degC": 90.0}}, {"model": "holon.heatconversionasset", "pk": 444056, "fields": {"conversionasset_ptr": 444056, "deliveryTemp_degC": 90.0}}, {"model": "holon.heatconversionasset", "pk": 444057, "fields": {"conversionasset_ptr": 444057, "deliveryTemp_degC": 90.0}}, {"model": "holon.heatconversionasset", "pk": 444063, "fields": {"conversionasset_ptr": 444063, "deliveryTemp_degC": 90.0}}, {"model": "holon.heatconversionasset", "pk": 444065, "fields": {"conversionasset_ptr": 444065, "deliveryTemp_degC": 100.0}}, {"model": "holon.heatconversionasset", "pk": 444067, "fields": {"conversionasset_ptr": 444067, "deliveryTemp_degC": 60.0}}, {"model": "holon.chemicalheatconversionasset", "pk": 444012, "fields": {"heatconversionasset_ptr": 444012, "capacityHeat_kW": 600.0}}, {"model": "holon.chemicalheatconversionasset", "pk": 444015, "fields": {"heatconversionasset_ptr": 444015, "capacityHeat_kW": 60.0}}, {"model": "holon.chemicalheatconversionasset", "pk": 444023, "fields": {"heatconversionasset_ptr": 444023, "capacityHeat_kW": 30.0}}, {"model": "holon.chemicalheatconversionasset", "pk": 444027, "fields": {"heatconversionasset_ptr": 444027, "capacityHeat_kW": 60.0}}, {"model": "holon.chemicalheatconversionasset", "pk": 444032, "fields": {"heatconversionasset_ptr": 444032, "capacityHeat_kW": 30.0}}, {"model": "holon.chemicalheatconversionasset", "pk": 444038, "fields": {"heatconversionasset_ptr": 444038, "capacityHeat_kW": 30.0}}, {"model": "holon.chemicalheatconversionasset", "pk": 444044, "fields": {"heatconversionasset_ptr": 444044, "capacityHeat_kW": 30.0}}, {"model": "holon.chemicalheatconversionasset", "pk": 444050, "fields": {"heatconversionasset_ptr": 444050, "capacityHeat_kW": 30.0}}, {"model": "holon.chemicalheatconversionasset", "pk": 444056, "fields": {"heatconversionasset_ptr": 444056, "capacityHeat_kW": 30.0}}, {"model": "holon.chemicalheatconversionasset", "pk": 444057, "fields": {"heatconversionasset_ptr": 444057, "capacityHeat_kW": 30.0}}, {"model": "holon.chemicalheatconversionasset", "pk": 444063, "fields": {"heatconversionasset_ptr": 444063, "capacityHeat_kW": 30.0}}, {"model": "holon.electricheatconversionasset", "pk": 444014, "fields": {"heatconversionasset_ptr": 444014, "capacityElectricity_kW": 200.0}}, {"model": "holon.electricheatconversionasset", "pk": 444067, "fields": {"heatconversionasset_ptr": 444067, "capacityElectricity_kW": 20.0}}, {"model": "holon.transportheatconversionasset", "pk": 444067, "fields": {"electricheatconversionasset_ptr": 444067, "ambientTempType": "WATER"}}, {"model": "holon.hybridheatcoversionasset", "pk": 444065, "fields": {"heatconversionasset_ptr": 444065, "ambientTempType": "AIR", "capacityHeat_kW": 10.0, "capacityElectricity_kW": 9.0}}, {"model": "holon.productionasset", "pk": 444001, "fields": {"energyasset_ptr": 444001, "type": "RESIDUALHEATHT"}}, {"model": "holon.productionasset", "pk": 444002, "fields": {"energyasset_ptr": 444002, "type": "RESIDUALHEATLT"}}, {"model": "holon.productionasset", "pk": 444010, "fields": {"energyasset_ptr": 444010, "type": "RESIDUALHEATHT"}}, {"model": "holon.productionasset", "pk": 444013, "fields": {"energyasset_ptr": 444013, "type": "RESIDUALHEATLT"}}, {"model": "holon.heatproductionasset", "pk": 444010, "fields": {"productionasset_ptr": 444010, "capacityHeat_kW": 600.0, "deliveryTemp_degC": 100.0}}, {"model": "holon.heatproductionasset", "pk": 444013, "fields": {"productionasset_ptr": 444013, "capacityHeat_kW": 300.0, "deliveryTemp_degC": 15.0}}, {"model": "holon.storageasset", "pk": 444006, "fields": {"energyasset_ptr": 444006, "type": "STORAGE_HEAT"}}, {"model": "holon.storageasset", "pk": 444009, "fields": {"energyasset_ptr": 444009, "type": "STORAGE_HEAT"}}, {"model": "holon.storageasset", "pk": 444017, "fields": {"energyasset_ptr": 444017, "type": "STORAGE_HEAT"}}, {"model": "holon.storageasset", "pk": 444018, "fields": {"energyasset_ptr": 444018, "type": "STORAGE_HEAT"}}, {"model": "holon.storageasset", "pk": 444019, "fields": {"energyasset_ptr": 444019, "type": "HEATMODEL"}}, {"model": "holon.storageasset", "pk": 444025, "fields": {"energyasset_ptr": 444025, "type": "HEATMODEL"}}, {"model": "holon.storageasset", "pk": 444028, "fields": {"energyasset_ptr": 444028, "type": "HEATMODEL"}}, {"model": "holon.storageasset", "pk": 444034, "fields": {"energyasset_ptr": 444034, "type": "HEATMODEL"}}, {"model": "holon.storageasset", "pk": 444040, "fields": {"energyasset_ptr": 444040, "type": "HEATMODEL"}}, {"model": "holon.storageasset", "pk": 444046, "fields": {"energyasset_ptr": 444046, "type": "HEATMODEL"}}, {"model": "holon.storageasset", "pk": 444052, "fields": {"energyasset_ptr": 444052, "type": "HEATMODEL"}}, {"model": "holon.storageasset", "pk": 444059, "fields": {"energyasset_ptr": 444059, "type": "HEATMODEL"}}, {"model": "holon.heatstorageasset", "pk": 444006, "fields": {"storageasset_ptr": 444006, "capacityHeat_kW": 2000.0, "minTemp_degC": 60, "maxTemp_degC": 80, "setTemp_degC": 70, "initialTemperature_degC": 70, "lossFactor_WpK": 3.0, "heatCapacity_JpK": 120000000.0, "ambientTempType": "GROUND"}}, {"model": "holon.heatstorageasset", "pk": 444009, "fields": {"storageasset_ptr": 444009, "capacityHeat_kW": 2000.0, "minTemp_degC": 70, "maxTemp_degC": 1000, "setTemp_degC": 90, "initialTemperature_degC": 90, "lossFactor_WpK": 3.0, "heatCapacity_JpK": 120000000.0, "ambientTempType": "GROUND"}}, {"model": "holon.heatstorageasset", "pk": 444017, "fields": {"storageasset_ptr": 444017, "capacityHeat_kW": 2000.0, "minTemp_degC": 70, "maxTemp_degC": 100, "setTemp_degC": 90, "initialTemperature_degC": 90, "lossFactor_WpK": 100.0, "heatCapacity_JpK": 100000.0, "ambientTempType": "GROUND"}}, {"model": "holon.heatstorageasset", "pk": 444018, "fields": {"storageasset_ptr": 444018, "capacityHeat_kW": 2000.0, "minTemp_degC": 60, "maxTemp_degC": 80, "setTemp_degC": 70, "initialTemperature_degC": 70, "lossFactor_WpK": 100.0, "heatCapacity_JpK": 1000000.0, "ambientTempType": "GROUND"}}, {"model": "holon.heatstorageasset", "pk": 444019, "fields": {"storageasset_ptr": 444019, "capacityHeat_kW": 100.0, "minTemp_degC": -10, "maxTemp_degC": 50, "setTemp_degC": 20, "initialTemperature_degC": 20, "lossFactor_WpK": 80.0, "heatCapacity_JpK": 10000000.0, "ambientTempType": "AIR"}}, {"model": "holon.heatstorageasset", "pk": 444025, "fields": {"storageasset_ptr": 444025, "capacityHeat_kW": 100.0, "minTemp_degC": -10, "maxTemp_degC": 50, "setTemp_degC": 20, "initialTemperature_degC": 20, "lossFactor_WpK": 80.0, "heatCapacity_JpK": 20000000.0, "ambientTempType": "AIR"}}, {"model": "holon.heatstorageasset", "pk": 444028, "fields": {"storageasset_ptr": 444028, "capacityHeat_kW": 100.0, "minTemp_degC": -10, "maxTemp_degC": 50, "setTemp_degC": 20, "initialTemperature_degC": 20, "lossFactor_WpK": 60.0, "heatCapacity_JpK": 10000000.0, "ambientTempType": "AIR"}}, {"model": "holon.heatstorageasset", "pk": 444034, "fields": {"storageasset_ptr": 444034, "capacityHeat_kW": 100.0, "minTemp_degC": -10, "maxTemp_degC": 50, "setTemp_degC": 20, "initialTemperature_degC": 20, "lossFactor_WpK": 50.0, "heatCapacity_JpK": 10000000.0, "ambientTempType": "AIR"}}, {"model": "holon.heatstorageasset", "pk": 444040, "fields": {"storageasset_ptr": 444040, "capacityHeat_kW": 100.0, "minTemp_degC": -10, "maxTemp_degC": 50, "setTemp_degC": 20, "initialTemperature_degC": 20, "lossFactor_WpK": 70.0, "heatCapacity_JpK": 10000000.0, "ambientTempType": "AIR"}}, {"model": "holon.heatstorageasset", "pk": 444046, "fields": {"storageasset_ptr": 444046, "capacityHeat_kW": 100.0, "minTemp_degC": -10, "maxTemp_degC": 50, "setTemp_degC": 20, "initialTemperature_degC": 20, "lossFactor_WpK": 70.0, "heatCapacity_JpK": 10000000.0, "ambientTempType": "AIR"}}, {"model": "holon.heatstorageasset", "pk": 444052, "fields": {"storageasset_ptr": 444052, "capacityHeat_kW": 100.0, "minTemp_degC": -10, "maxTemp_degC": 50, "setTemp_degC": 20, "initialTemperature_degC": 20, "lossFactor_WpK": 70.0, "heatCapacity_JpK": 10000000.0, "ambientTempType": "AIR"}}, {"model": "holon.heatstorageasset", "pk": 444059, "fields": {"storageasset_ptr": 444059, "capacityHeat_kW": 100.0, "minTemp_degC": -10, "maxTemp_degC": 50, "setTemp_degC": 20, "initialTemperature_degC": 20, "lossFactor_WpK": 100.0, "heatCapacity_JpK": 10000000.0, "ambientTempType": "AIR"}}, {"model": "holon.contract", "pk": 444001, "fields": {"polymorphic_ctype": ["holon", "deliverycontract"], "contractType": "DELIVERY", "name": "", "contractScope": 444023, "energyCarrier": "ELECTRICITY", "actor": 444002, "annualFee_eur": 100.0, "wildcard_JSON": null, "is_rule_action_template": false}}, {"model": "holon.contract", "pk": 444002, "fields": {"polymorphic_ctype": ["holon", "connectioncontract"], "contractType": "CONNECTION", "name": "", "contractScope": 444001, "energyCarrier": "ELECTRICITY", "actor": 444002, "annualFee_eur": 100.0, "wildcard_JSON": null, "is_rule_action_template": false}}, {"model": "holon.contract", "pk": 444003, "fields": {"polymorphic_ctype": ["holon", "transportcontract"], "contractType": "TRANSPORT", "name": "", "contractScope": 444001, "energyCarrier": "ELECTRICITY", "actor": 444002, "annualFee_eur": 100.0, "wildcard_JSON": null, "is_rule_action_template": false}}, {"model": "holon.contract", "pk": 444004, "fields": {"polymorphic_ctype": ["holon", "taxcontract"], "contractType": "TAX", "name": "", "contractScope": 444024, "energyCarrier": "ELECTRICITY", "actor": 444002, "annualFee_eur": 100.0, "wildcard_JSON": null, "is_rule_action_template": false}}, {"model": "holon.contract", "pk": 444005, "fields": {"polymorphic_ctype": ["holon", "deliverycontract"], "contractType": "DELIVERY", "name": "", "contractScope": 444002, "energyCarrier": "ELECTRICITY", "actor": 444003, "annualFee_eur": 100.0, "wildcard_JSON": null, "is_rule_action_template": false}}, {"model": "holon.contract", "pk": 444006, "fields": {"polymorphic_ctype": ["holon", "connectioncontract"], "contractType": "CONNECTION", "name": "", "contractScope": 444001, "energyCarrier": "ELECTRICITY", "actor": 444003, "annualFee_eur": 100.0, "wildcard_JSON": null, "is_rule_action_template": false}}, {"model": "holon.contract", "pk": 444007, "fields": {"polymorphic_ctype": ["holon", "transportcontract"], "contractType": "TRANSPORT", "name": "", "contractScope": 444001, "energyCarrier": "ELECTRICITY", "actor": 444003, "annualFee_eur": 100.0, "wildcard_JSON": null, "is_rule_action_template": false}}, {"model": "holon.contract", "pk": 444008, "fields": {"polymorphic_ctype": ["holon", "taxcontract"], "contractType": "TAX", "name": "", "contractScope": 444024, "energyCarrier": "ELECTRICITY", "actor": 444003, "annualFee_eur": 100.0, "wildcard_JSON": null, "is_rule_action_template": false}}, {"model": "holon.contract", "pk": 444009, "fields": {"polymorphic_ctype": ["holon", "deliverycontract"], "contractType": "DELIVERY", "name": "", "contractScope": 444002, "energyCarrier": "ELECTRICITY", "actor": 444004, "annualFee_eur": 100.0, "wildcard_JSON": null, "is_rule_action_template": false}}, {"model": "holon.contract", "pk": 444010, "fields": {"polymorphic_ctype": ["holon", "connectioncontract"], "contractType": "CONNECTION", "name": "", "contractScope": 444001, "energyCarrier": "ELECTRICITY", "actor": 444003, "annualFee_eur": 100.0, "wildcard_JSON": null, "is_rule_action_template": false}}, {"model": "holon.contract", "pk": 444011, "fields": {"polymorphic_ctype": ["holon", "transportcontract"], "contractType": "TRANSPORT", "name": "", "contractScope": 444001, "energyCarrier": "ELECTRICITY", "actor": 444004, "annualFee_eur": 100.0, "wildcard_JSON": null, "is_rule_action_template": false}}, {"model": "holon.contract", "pk": 444012, "fields": {"polymorphic_ctype": ["holon", "taxcontract"], "contractType": "TAX", "name": "", "contractScope": 444024, "energyCarrier": "ELECTRICITY", "actor": 444004, "annualFee_eur": 100.0, "wildcard_JSON": null, "is_rule_action_template": false}}, {"model": "holon.contract", "pk": 444013, "fields": {"polymorphic_ctype": ["holon", "deliverycontract"], "contractType": "DELIVERY", "name": "", "contractScope": 444002, "energyCarrier": "ELECTRICITY", "actor": 444005, "annualFee_eur": 100.0, "wildcard_JSON": null, "is_rule_action_template": false}}, {"model": "holon.contract", "pk": 444014, "fields": {"polymorphic_ctype": ["holon", "connectioncontract"], "contractType": "CONNECTION", "name": "", "contractScope": 444001, "energyCarrier": "ELECTRICITY", "actor": 444004, "annualFee_eur": 100.0, "wildcard_JSON": null, "is_rule_action_template": false}}, {"model": "holon.contract", "pk": 444015, "fields": {"polymorphic_ctype": ["holon", "transportcontract"], "contractType": "TRANSPORT", "name": "", "contractScope": 444001, "energyCarrier": "ELECTRICITY", "actor": 444005, "annualFee_eur": 100.0, "wildcard_JSON": null, "is_rule_action_template": false}}, {"model": "holon.contract", "pk": 444016, "fields": {"polymorphic_ctype": ["holon", "taxcontract"], "contractType": "TAX", "name": "", "contractScope": 444024, "energyCarrier": "ELECTRICITY", "actor": 444005, "annualFee_eur": 100.0, "wildcard_JSON": null, "is_rule_action_template": false}}, {"model": "holon.contract", "pk": 444017, "fields": {"polymorphic_ctype": ["holon", "deliverycontract"], "contractType": "DELIVERY", "name": "", "contractScope": 444002, "energyCarrier": "ELECTRICITY", "actor": 444006, "annualFee_eur": 100.0, "wildcard_JSON": null, "is_rule_action_template": false}}, {"model": "holon.contract", "pk": 444018, "fields": {"polymorphic_ctype": ["holon", "connectioncontract"], "contractType": "CONNECTION", "name": "", "contractScope": 444001, "energyCarrier": "ELECTRICITY", "actor": 444005, "annualFee_eur": 100.0, "wildcard_JSON": null, "is_rule_action_template": false}}, {"model": "holon.contract", "pk": 444019, "fields": {"polymorphic_ctype": ["holon", "transportcontract"], "contractType": "TRANSPORT", "name": "", "contractScope": 444001, "energyCarrier": "ELECTRICITY", "actor": 444006, "annualFee_eur": 100.0, "wildcard_JSON": null, "is_rule_action_template": false}}, {"model": "holon.contract", "pk": 444020, "fields": {"polymorphic_ctype": ["holon", "taxcontract"], "contractType": "TAX", "name": "", "contractScope": 444024, "energyCarrier": "ELECTRICITY", "actor": 444006, "annualFee_eur": 100.0, "wildcard_JSON": null, "is_rule_action_template": false}}, {"model": "holon.contract", "pk": 444021, "fields": {"polymorphic_ctype": ["holon", "deliverycontract"], "contractType": "DELIVERY", "name": "", "contractScope": 444002, "energyCarrier": "ELECTRICITY", "actor": 444007, "annualFee_eur": 100.0, "wildcard_JSON": null, "is_rule_action_template": false}}, {"model": "holon.contract", "pk": 444022, "fields": {"polymorphic_ctype": ["holon", "connectioncontract"], "contractType": "CONNECTION", "name": "", "contractScope": 444002, "energyCarrier": "ELECTRICITY", "actor": 444006, "annualFee_eur": 100.0, "wildcard_JSON": null, "is_rule_action_template": false}}, {"model": "holon.contract", "pk": 444023, "fields": {"polymorphic_ctype": ["holon", "taxcontract"], "contractType": "TAX", "name": "", "contractScope": 444024, "energyCarrier": "ELECTRICITY", "actor": 444007, "annualFee_eur": 100.0, "wildcard_JSON": null, "is_rule_action_template": false}}, {"model": "holon.contract", "pk": 444024, "fields": {"polymorphic_ctype": ["holon", "deliverycontract"], "contractType": "DELIVERY", "name": "", "contractScope": 444002, "energyCarrier": "ELECTRICITY", "actor": 444008, "annualFee_eur": 100.0, "wildcard_JSON": null, "is_rule_action_template": false}}, {"model": "holon.contract", "pk": 444025, "fields": {"polymorphic_ctype": ["holon", "connectioncontract"], "contractType": "CONNECTION", "name": "", "contractScope": 444001, "energyCarrier": "ELECTRICITY", "actor": 444007, "annualFee_eur": 100.0, "wildcard_JSON": null, "is_rule_action_template": false}}, {"model": "holon.contract", "pk": 444026, "fields": {"polymorphic_ctype": ["holon", "connectioncontract"], "contractType": "CONNECTION", "name": "", "contractScope": 444001, "energyCarrier": "ELECTRICITY", "actor": 444008, "annualFee_eur": 100.0, "wildcard_JSON": null, "is_rule_action_template": false}}, {"model": "holon.contract", "pk": 444027, "fields": {"polymorphic_ctype": ["holon", "transportcontract"], "contractType": "TRANSPORT", "name": "", "contractScope": 444001, "energyCarrier": "ELECTRICITY", "actor": 444007, "annualFee_eur": 100.0, "wildcard_JSON": null, "is_rule_action_template": false}}, {"model": "holon.contract", "pk": 444028, "fields": {"polymorphic_ctype": ["holon", "transportcontract"], "contractType": "TRANSPORT", "name": "", "contractScope": 444001, "energyCarrier": "ELECTRICITY", "actor": 444008, "annualFee_eur": 100.0, "wildcard_JSON": null, "is_rule_action_template": false}}, {"model": "holon.contract", "pk": 444029, "fields": {"polymorphic_ctype": ["holon", "taxcontract"], "contractType": "TAX", "name": "", "contractScope": 444024, "energyCarrier": "ELECTRICITY", "actor": 444008, "annualFee_eur": 100.0, "wildcard_JSON": null, "is_rule_action_template": false}}, {"model": "holon.contract", "pk": 444030, "fields": {"polymorphic_ctype": ["holon", "deliverycontract"], "contractType": "DELIVERY", "name": "", "contractScope": 444023, "energyCarrier": "ELECTRICITY", "actor": 444010, "annualFee_eur": 0.0, "wildcard_JSON": null, "is_rule_action_template": false}}, {"model": "holon.contract", "pk": 444031, "fields": {"polymorphic_ctype": ["holon", "connectioncontract"], "contractType": "CONNECTION", "name": "", "contractScope": 444001, "energyCarrier": "ELECTRICITY", "actor": 444010, "annualFee_eur": 100.0, "wildcard_JSON": null, "is_rule_action_template": false}}, {"model": "holon.contract", "pk": 444032, "fields": {"polymorphic_ctype": ["holon", "transportcontract"], "contractType": "TRANSPORT", "name": "", "contractScope": 444001, "energyCarrier": "ELECTRICITY", "actor": 444010, "annualFee_eur": 100.0, "wildcard_JSON": null, "is_rule_action_template": false}}, {"model": "holon.contract", "pk": 444033, "fields": {"polymorphic_ctype": ["holon", "taxcontract"], "contractType": "TAX", "name": "", "contractScope": 444024, "energyCarrier": "ELECTRICITY", "actor": 444010, "annualFee_eur": 100.0, "wildcard_JSON": null, "is_rule_action_template": false}}, {"model": "holon.contract", "pk": 444034, "fields": {"polymorphic_ctype": ["holon", "deliverycontract"], "contractType": "DELIVERY", "name": "", "contractScope": 444023, "energyCarrier": "ELECTRICITY", "actor": 444011, "annualFee_eur": 100.0, "wildcard_JSON": null, "is_rule_action_template": false}}, {"model": "holon.contract", "pk": 444035, "fields": {"polymorphic_ctype": ["holon", "connectioncontract"], "contractType": "CONNECTION", "name": "", "contractScope": 444001, "energyCarrier": "ELECTRICITY", "actor": 444011, "annualFee_eur": 100.0, "wildcard_JSON": null, "is_rule_action_template": false}}, {"model": "holon.contract", "pk": 444036, "fields": {"polymorphic_ctype": ["holon", "transportcontract"], "contractType": "TRANSPORT", "name": "", "contractScope": 444001, "energyCarrier": "ELECTRICITY", "actor": 444011, "annualFee_eur": 100.0, "wildcard_JSON": null, "is_rule_action_template": false}}, {"model": "holon.contract", "pk": 444037, "fields": {"polymorphic_ctype": ["holon", "taxcontract"], "contractType": "TAX", "name": "", "contractScope": 444024, "energyCarrier": "ELECTRICITY", "actor": 444011, "annualFee_eur": 100.0, "wildcard_JSON": null, "is_rule_action_template": false}}, {"model": "holon.contract", "pk": 444038, "fields": {"polymorphic_ctype": ["holon", "deliverycontract"], "contractType": "DELIVERY", "name": "", "contractScope": 444023, "energyCarrier": "ELECTRICITY", "actor": 444012, "annualFee_eur": 100.0, "wildcard_JSON": null, "is_rule_action_template": false}}, {"model": "holon.contract", "pk": 444039, "fields": {"polymorphic_ctype": ["holon", "connectioncontract"], "contractType": "CONNECTION", "name": "", "contractScope": 444001, "energyCarrier": "ELECTRICITY", "actor": 444012, "annualFee_eur": 100.0, "wildcard_JSON": null, "is_rule_action_template": false}}, {"model": "holon.contract", "pk": 444040, "fields": {"polymorphic_ctype": ["holon", "transportcontract"], "contractType": "TRANSPORT", "name": "", "contractScope": 444001, "energyCarrier": "ELECTRICITY", "actor": 444012, "annualFee_eur": 100.0, "wildcard_JSON": null, "is_rule_action_template": false}}, {"model": "holon.contract", "pk": 444041, "fields": {"polymorphic_ctype": ["holon", "taxcontract"], "contractType": "TAX", "name": "", "contractScope": 444024, "energyCarrier": "ELECTRICITY", "actor": 444012, "annualFee_eur": 100.0, "wildcard_JSON": null, "is_rule_action_template": false}}, {"model": "holon.contract", "pk": 444042, "fields": {"polymorphic_ctype": ["holon", "deliverycontract"], "contractType": "DELIVERY", "name": "", "contractScope": 444023, "energyCarrier": "ELECTRICITY", "actor": 444013, "annualFee_eur": 100.0, "wildcard_JSON": null, "is_rule_action_template": false}}, {"model": "holon.contract", "pk": 444043, "fields": {"polymorphic_ctype": ["holon", "deliverycontract"], "contractType": "DELIVERY", "name": "", "contractScope": 444023, "energyCarrier": "ELECTRICITY", "actor": 444014, "annualFee_eur": 100.0, "wildcard_JSON": null, "is_rule_action_template": false}}, {"model": "holon.contract", "pk": 444044, "fields": {"polymorphic_ctype": ["holon", "deliverycontract"], "contractType": "DELIVERY", "name": "", "contractScope": 444023, "energyCarrier": "ELECTRICITY", "actor": 444015, "annualFee_eur": 100.0, "wildcard_JSON": null, "is_rule_action_template": false}}, {"model": "holon.contract", "pk": 444045, "fields": {"polymorphic_ctype": ["holon", "deliverycontract"], "contractType": "DELIVERY", "name": "", "contractScope": 444023, "energyCarrier": "ELECTRICITY", "actor": 444016, "annualFee_eur": 100.0, "wildcard_JSON": null, "is_rule_action_template": false}}, {"model": "holon.contract", "pk": 444046, "fields": {"polymorphic_ctype": ["holon", "deliverycontract"], "contractType": "DELIVERY", "name": "", "contractScope": 444023, "energyCarrier": "ELECTRICITY", "actor": 444018, "annualFee_eur": 100.0, "wildcard_JSON": null, "is_rule_action_template": false}}, {"model": "holon.contract", "pk": 444047, "fields": {"polymorphic_ctype": ["holon", "deliverycontract"], "contractType": "DELIVERY", "name": "", "contractScope": 444023, "energyCarrier": "ELECTRICITY", "actor": 444019, "annualFee_eur": 100.0, "wildcard_JSON": null, "is_rule_action_template": false}}, {"model": "holon.contract", "pk": 444048, "fields": {"polymorphic_ctype": ["holon", "deliverycontract"], "contractType": "DELIVERY", "name": "", "contractScope": 444023, "energyCarrier": "ELECTRICITY", "actor": 444020, "annualFee_eur": 100.0, "wildcard_JSON": null, "is_rule_action_template": false}}, {"model": "holon.contract", "pk": 444049, "fields": {"polymorphic_ctype": ["holon", "deliverycontract"], "contractType": "DELIVERY", "name": "", "contractScope": 444023, "energyCarrier": "ELECTRICITY", "actor": 444021, "annualFee_eur": 100.0, "wildcard_JSON": null, "is_rule_action_template": false}}, {"model": "holon.contract", "pk": 444050, "fields": {"polymorphic_ctype": ["holon", "deliverycontract"], "contractType": "DELIVERY", "name": "", "contractScope": 444023, "energyCarrier": "ELECTRICITY", "actor": 444022, "annualFee_eur": 100.0, "wildcard_JSON": null, "is_rule_action_template": false}}, {"model": "holon.contract", "pk": 444051, "fields": {"polymorphic_ctype": ["holon", "connectioncontract"], "contractType": "CONNECTION", "name": "", "contractScope": 444001, "energyCarrier": "ELECTRICITY", "actor": 444013, "annualFee_eur": 100.0, "wildcard_JSON": null, "is_rule_action_template": false}}, {"model": "holon.contract", "pk": 444052, "fields": {"polymorphic_ctype": ["holon", "connectioncontract"], "contractType": "CONNECTION", "name": "", "contractScope": 444001, "energyCarrier": "ELECTRICITY", "actor": 444014, "annualFee_eur": 100.0, "wildcard_JSON": null, "is_rule_action_template": false}}, {"model": "holon.contract", "pk": 444053, "fields": {"polymorphic_ctype": ["holon", "connectioncontract"], "contractType": "CONNECTION", "name": "", "contractScope": 444001, "energyCarrier": "ELECTRICITY", "actor": 444015, "annualFee_eur": 100.0, "wildcard_JSON": null, "is_rule_action_template": false}}, {"model": "holon.contract", "pk": 444054, "fields": {"polymorphic_ctype": ["holon", "connectioncontract"], "contractType": "CONNECTION", "name": "", "contractScope": 444001, "energyCarrier": "ELECTRICITY", "actor": 444016, "annualFee_eur": 100.0, "wildcard_JSON": null, "is_rule_action_template": false}}, {"model": "holon.contract", "pk": 444055, "fields": {"polymorphic_ctype": ["holon", "connectioncontract"], "contractType": "CONNECTION", "name": "", "contractScope": 444001, "energyCarrier": "ELECTRICITY", "actor": 444018, "annualFee_eur": 100.0, "wildcard_JSON": null, "is_rule_action_template": false}}, {"model": "holon.contract", "pk": 444056, "fields": {"polymorphic_ctype": ["holon", "connectioncontract"], "contractType": "CONNECTION", "name": "", "contractScope": 444001, "energyCarrier": "ELECTRICITY", "actor": 444019, "annualFee_eur": 100.0, "wildcard_JSON": null, "is_rule_action_template": false}}, {"model": "holon.contract", "pk": 444057, "fields": {"polymorphic_ctype": ["holon", "connectioncontract"], "contractType": "CONNECTION", "name": "", "contractScope": 444001, "energyCarrier": "ELECTRICITY", "actor": 444020, "annualFee_eur": 100.0, "wildcard_JSON": null, "is_rule_action_template": false}}, {"model": "holon.contract", "pk": 444058, "fields": {"polymorphic_ctype": ["holon", "connectioncontract"], "contractType": "CONNECTION", "name": "", "contractScope": 444001, "energyCarrier": "ELECTRICITY", "actor": 444021, "annualFee_eur": 100.0, "wildcard_JSON": null, "is_rule_action_template": false}}, {"model": "holon.contract", "pk": 444059, "fields": {"polymorphic_ctype": ["holon", "connectioncontract"], "contractType": "CONNECTION", "name": "", "contractScope": 444001, "energyCarrier": "ELECTRICITY", "actor": 444022, "annualFee_eur": 100.0, "wildcard_JSON": null, "is_rule_action_template": false}}, {"model": "holon.contract", "pk": 444060, "fields": {"polymorphic_ctype": ["holon", "transportcontract"], "contractType": "TRANSPORT", "name": "", "contractScope": 444001, "energyCarrier": "ELECTRICITY", "actor": 444013, "annualFee_eur": 100.0, "wildcard_JSON": null, "is_rule_action_template": false}}, {"model": "holon.contract", "pk": 444061, "fields": {"polymorphic_ctype": ["holon", "transportcontract"], "contractType": "TRANSPORT", "name": "", "contractScope": 444001, "energyCarrier": "ELECTRICITY", "actor": 444014, "annualFee_eur": 100.0, "wildcard_JSON": null, "is_rule_action_template": false}}, {"model": "holon.contract", "pk": 444062, "fields": {"polymorphic_ctype": ["holon", "transportcontract"], "contractType": "TRANSPORT", "name": "", "contractScope": 444001, "energyCarrier": "ELECTRICITY", "actor": 444015, "annualFee_eur": 100.0, "wildcard_JSON": null, "is_rule_action_template": false}}, {"model": "holon.contract", "pk": 444063, "fields": {"polymorphic_ctype": ["holon", "transportcontract"], "contractType": "TRANSPORT", "name": "", "contractScope": 444001, "energyCarrier": "ELECTRICITY", "actor": 444016, "annualFee_eur": 100.0, "wildcard_JSON": null, "is_rule_action_template": false}}, {"model": "holon.contract", "pk": 444064, "fields": {"polymorphic_ctype": ["holon", "transportcontract"], "contractType": "TRANSPORT", "name": "", "contractScope": 444001, "energyCarrier": "ELECTRICITY", "actor": 444018, "annualFee_eur": 100.0, "wildcard_JSON": null, "is_rule_action_template": false}}, {"model": "holon.contract", "pk": 444065, "fields": {"polymorphic_ctype": ["holon", "transportcontract"], "contractType": "TRANSPORT", "name": "", "contractScope": 444001, "energyCarrier": "ELECTRICITY", "actor": 444019, "annualFee_eur": 100.0, "wildcard_JSON": null, "is_rule_action_template": false}}, {"model": "holon.contract", "pk": 444066, "fields": {"polymorphic_ctype": ["holon", "transportcontract"], "contractType": "TRANSPORT", "name": "", "contractScope": 444001, "energyCarrier": "ELECTRICITY", "actor": 444020, "annualFee_eur": 100.0, "wildcard_JSON": null, "is_rule_action_template": false}}, {"model": "holon.contract", "pk": 444067, "fields": {"polymorphic_ctype": ["holon", "transportcontract"], "contractType": "TRANSPORT", "name": "", "contractScope": 444001, "energyCarrier": "ELECTRICITY", "actor": 444021, "annualFee_eur": 100.0, "wildcard_JSON": null, "is_rule_action_template": false}}, {"model": "holon.contract", "pk": 444068, "fields": {"polymorphic_ctype": ["holon", "transportcontract"], "contractType": "TRANSPORT", "name": "", "contractScope": 444001, "energyCarrier": "ELECTRICITY", "actor": 444022, "annualFee_eur": 100.0, "wildcard_JSON": null, "is_rule_action_template": false}}, {"model": "holon.contract", "pk": 444069, "fields": {"polymorphic_ctype": ["holon", "taxcontract"], "contractType": "TAX", "name": "", "contractScope": 444024, "energyCarrier": "ELECTRICITY", "actor": 444013, "annualFee_eur": 100.0, "wildcard_JSON": null, "is_rule_action_template": false}}, {"model": "holon.contract", "pk": 444070, "fields": {"polymorphic_ctype": ["holon", "taxcontract"], "contractType": "TAX", "name": "", "contractScope": 444024, "energyCarrier": "ELECTRICITY", "actor": 444014, "annualFee_eur": 100.0, "wildcard_JSON": null, "is_rule_action_template": false}}, {"model": "holon.contract", "pk": 444071, "fields": {"polymorphic_ctype": ["holon", "taxcontract"], "contractType": "TAX", "name": "", "contractScope": 444024, "energyCarrier": "ELECTRICITY", "actor": 444015, "annualFee_eur": 100.0, "wildcard_JSON": null, "is_rule_action_template": false}}, {"model": "holon.contract", "pk": 444072, "fields": {"polymorphic_ctype": ["holon", "taxcontract"], "contractType": "TAX", "name": "", "contractScope": 444024, "energyCarrier": "ELECTRICITY", "actor": 444016, "annualFee_eur": 100.0, "wildcard_JSON": null, "is_rule_action_template": false}}, {"model": "holon.contract", "pk": 444073, "fields": {"polymorphic_ctype": ["holon", "taxcontract"], "contractType": "TAX", "name": "", "contractScope": 444024, "energyCarrier": "ELECTRICITY", "actor": 444018, "annualFee_eur": 100.0, "wildcard_JSON": null, "is_rule_action_template": false}}, {"model": "holon.contract", "pk": 444074, "fields": {"polymorphic_ctype": ["holon", "taxcontract"], "contractType": "TAX", "name": "", "contractScope": 444024, "energyCarrier": "ELECTRICITY", "actor": 444019, "annualFee_eur": 100.0, "wildcard_JSON": null, "is_rule_action_template": false}}, {"model": "holon.contract", "pk": 444075, "fields": {"polymorphic_ctype": ["holon", "taxcontract"], "contractType": "TAX", "name": "", "contractScope": 444024, "energyCarrier": "ELECTRICITY", "actor": 444020, "annualFee_eur": 100.0, "wildcard_JSON": null, "is_rule_action_template": false}}, {"model": "holon.contract", "pk": 444076, "fields": {"polymorphic_ctype": ["holon", "taxcontract"], "contractType": "TAX", "name": "", "contractScope": 444024, "energyCarrier": "ELECTRICITY", "actor": 444021, "annualFee_eur": 100.0, "wildcard_JSON": null, "is_rule_action_template": false}}, {"model": "holon.contract", "pk": 444077, "fields": {"polymorphic_ctype": ["holon", "taxcontract"], "contractType": "TAX", "name": "", "contractScope": 444024, "energyCarrier": "ELECTRICITY", "actor": 444022, "annualFee_eur": 100.0, "wildcard_JSON": null, "is_rule_action_template": false}}, {"model": "holon.deliverycontract", "pk": 444001, "fields": {"contract_ptr": 444001, "deliveryContractType": "ELECTRICITY_VARIABLE", "deliveryPrice_eurpkWh": 0.0, "feedinPrice_eurpkWh": 0.0}}, {"model": "holon.deliverycontract", "pk": 444005, "fields": {"contract_ptr": 444005, "deliveryContractType": "ELECTRICITY_VARIABLE", "deliveryPrice_eurpkWh": 0.0, "feedinPrice_eurpkWh": 0.0}}, {"model": "holon.deliverycontract", "pk": 444009, "fields": {"contract_ptr": 444009, "deliveryContractType": "ELECTRICITY_VARIABLE", "deliveryPrice_eurpkWh": 0.0, "feedinPrice_eurpkWh": 0.0}}, {"model": "holon.deliverycontract", "pk": 444013, "fields": {"contract_ptr": 444013, "deliveryContractType": "ELECTRICITY_VARIABLE", "deliveryPrice_eurpkWh": 0.0, "feedinPrice_eurpkWh": 0.0}}, {"model": "holon.deliverycontract", "pk": 444017, "fields": {"contract_ptr": 444017, "deliveryContractType": "ELECTRICITY_VARIABLE", "deliveryPrice_eurpkWh": 0.0, "feedinPrice_eurpkWh": 0.0}}, {"model": "holon.deliverycontract", "pk": 444021, "fields": {"contract_ptr": 444021, "deliveryContractType": "ELECTRICITY_VARIABLE", "deliveryPrice_eurpkWh": 0.0, "feedinPrice_eurpkWh": 0.0}}, {"model": "holon.deliverycontract", "pk": 444024, "fields": {"contract_ptr": 444024, "deliveryContractType": "ELECTRICITY_VARIABLE", "deliveryPrice_eurpkWh": 0.0, "feedinPrice_eurpkWh": 0.0}}, {"model": "holon.deliverycontract", "pk": 444030, "fields": {"contract_ptr": 444030, "deliveryContractType": "ELECTRICITY_FIXED", "deliveryPrice_eurpkWh": 0.25, "feedinPrice_eurpkWh": 0.0}}, {"model": "holon.deliverycontract", "pk": 444034, "fields": {"contract_ptr": 444034, "deliveryContractType": "ELECTRICITY_FIXED", "deliveryPrice_eurpkWh": 0.25, "feedinPrice_eurpkWh": 0.0}}, {"model": "holon.deliverycontract", "pk": 444038, "fields": {"contract_ptr": 444038, "deliveryContractType": "ELECTRICITY_FIXED", "deliveryPrice_eurpkWh": 0.25, "feedinPrice_eurpkWh": 0.0}}, {"model": "holon.deliverycontract", "pk": 444042, "fields": {"contract_ptr": 444042, "deliveryContractType": "ELECTRICITY_FIXED", "deliveryPrice_eurpkWh": 0.25, "feedinPrice_eurpkWh": 0.0}}, {"model": "holon.deliverycontract", "pk": 444043, "fields": {"contract_ptr": 444043, "deliveryContractType": "ELECTRICITY_FIXED", "deliveryPrice_eurpkWh": 0.25, "feedinPrice_eurpkWh": 0.0}}, {"model": "holon.deliverycontract", "pk": 444044, "fields": {"contract_ptr": 444044, "deliveryContractType": "ELECTRICITY_FIXED", "deliveryPrice_eurpkWh": 0.25, "feedinPrice_eurpkWh": 0.0}}, {"model": "holon.deliverycontract", "pk": 444045, "fields": {"contract_ptr": 444045, "deliveryContractType": "ELECTRICITY_FIXED", "deliveryPrice_eurpkWh": 0.25, "feedinPrice_eurpkWh": 0.0}}, {"model": "holon.deliverycontract", "pk": 444046, "fields": {"contract_ptr": 444046, "deliveryContractType": "ELECTRICITY_FIXED", "deliveryPrice_eurpkWh": 0.25, "feedinPrice_eurpkWh": 0.0}}, {"model": "holon.deliverycontract", "pk": 444047, "fields": {"contract_ptr": 444047, "deliveryContractType": "ELECTRICITY_FIXED", "deliveryPrice_eurpkWh": 0.25, "feedinPrice_eurpkWh": 0.0}}, {"model": "holon.deliverycontract", "pk": 444048, "fields": {"contract_ptr": 444048, "deliveryContractType": "ELECTRICITY_FIXED", "deliveryPrice_eurpkWh": 0.25, "feedinPrice_eurpkWh": 0.0}}, {"model": "holon.deliverycontract", "pk": 444049, "fields": {"contract_ptr": 444049, "deliveryContractType": "ELECTRICITY_FIXED", "deliveryPrice_eurpkWh": 0.25, "feedinPrice_eurpkWh": 0.0}}, {"model": "holon.deliverycontract", "pk": 444050, "fields": {"contract_ptr": 444050, "deliveryContractType": "ELECTRICITY_FIXED", "deliveryPrice_eurpkWh": 0.25, "feedinPrice_eurpkWh": 0.0}}, {"model": "holon.connectioncontract", "pk": 444002, "fields": {"contract_ptr": 444002, "connectionContractType": "DEFAULT", "nfATO_capacity_kW": 0.0, "nfATO_starttime_h": 0.0, "nfATO_endtime_h": 0.0}}, {"model": "holon.connectioncontract", "pk": 444006, "fields": {"contract_ptr": 444006, "connectionContractType": "DEFAULT", "nfATO_capacity_kW": 0.0, "nfATO_starttime_h": 0.0, "nfATO_endtime_h": 0.0}}, {"model": "holon.connectioncontract", "pk": 444010, "fields": {"contract_ptr": 444010, "connectionContractType": "DEFAULT", "nfATO_capacity_kW": 0.0, "nfATO_starttime_h": 0.0, "nfATO_endtime_h": 0.0}}, {"model": "holon.connectioncontract", "pk": 444014, "fields": {"contract_ptr": 444014, "connectionContractType": "DEFAULT", "nfATO_capacity_kW": 0.0, "nfATO_starttime_h": 0.0, "nfATO_endtime_h": 0.0}}, {"model": "holon.connectioncontract", "pk": 444018, "fields": {"contract_ptr": 444018, "connectionContractType": "DEFAULT", "nfATO_capacity_kW": 0.0, "nfATO_starttime_h": 0.0, "nfATO_endtime_h": 0.0}}, {"model": "holon.connectioncontract", "pk": 444022, "fields": {"contract_ptr": 444022, "connectionContractType": "DEFAULT", "nfATO_capacity_kW": 0.0, "nfATO_starttime_h": 0.0, "nfATO_endtime_h": 0.0}}, {"model": "holon.connectioncontract", "pk": 444025, "fields": {"contract_ptr": 444025, "connectionContractType": "DEFAULT", "nfATO_capacity_kW": 0.0, "nfATO_starttime_h": 0.0, "nfATO_endtime_h": 0.0}}, {"model": "holon.connectioncontract", "pk": 444026, "fields": {"contract_ptr": 444026, "connectionContractType": "DEFAULT", "nfATO_capacity_kW": 0.0, "nfATO_starttime_h": 0.0, "nfATO_endtime_h": 0.0}}, {"model": "holon.connectioncontract", "pk": 444031, "fields": {"contract_ptr": 444031, "connectionContractType": "DEFAULT", "nfATO_capacity_kW": 0.0, "nfATO_starttime_h": 0.0, "nfATO_endtime_h": 0.0}}, {"model": "holon.connectioncontract", "pk": 444035, "fields": {"contract_ptr": 444035, "connectionContractType": "DEFAULT", "nfATO_capacity_kW": 0.0, "nfATO_starttime_h": 0.0, "nfATO_endtime_h": 0.0}}, {"model": "holon.connectioncontract", "pk": 444039, "fields": {"contract_ptr": 444039, "connectionContractType": "DEFAULT", "nfATO_capacity_kW": 0.0, "nfATO_starttime_h": 0.0, "nfATO_endtime_h": 0.0}}, {"model": "holon.connectioncontract", "pk": 444051, "fields": {"contract_ptr": 444051, "connectionContractType": "DEFAULT", "nfATO_capacity_kW": 0.0, "nfATO_starttime_h": 0.0, "nfATO_endtime_h": 0.0}}, {"model": "holon.connectioncontract", "pk": 444052, "fields": {"contract_ptr": 444052, "connectionContractType": "DEFAULT", "nfATO_capacity_kW": 0.0, "nfATO_starttime_h": 0.0, "nfATO_endtime_h": 0.0}}, {"model": "holon.connectioncontract", "pk": 444053, "fields": {"contract_ptr": 444053, "connectionContractType": "DEFAULT", "nfATO_capacity_kW": 0.0, "nfATO_starttime_h": 0.0, "nfATO_endtime_h": 0.0}}, {"model": "holon.connectioncontract", "pk": 444054, "fields": {"contract_ptr": 444054, "connectionContractType": "DEFAULT", "nfATO_capacity_kW": 0.0, "nfATO_starttime_h": 0.0, "nfATO_endtime_h": 0.0}}, {"model": "holon.connectioncontract", "pk": 444055, "fields": {"contract_ptr": 444055, "connectionContractType": "DEFAULT", "nfATO_capacity_kW": 0.0, "nfATO_starttime_h": 0.0, "nfATO_endtime_h": 0.0}}, {"model": "holon.connectioncontract", "pk": 444056, "fields": {"contract_ptr": 444056, "connectionContractType": "DEFAULT", "nfATO_capacity_kW": 0.0, "nfATO_starttime_h": 0.0, "nfATO_endtime_h": 0.0}}, {"model": "holon.connectioncontract", "pk": 444057, "fields": {"contract_ptr": 444057, "connectionContractType": "DEFAULT", "nfATO_capacity_kW": 0.0, "nfATO_starttime_h": 0.0, "nfATO_endtime_h": 0.0}}, {"model": "holon.connectioncontract", "pk": 444058, "fields": {"contract_ptr": 444058, "connectionContractType": "DEFAULT", "nfATO_capacity_kW": 0.0, "nfATO_starttime_h": 0.0, "nfATO_endtime_h": 0.0}}, {"model": "holon.connectioncontract", "pk": 444059, "fields": {"contract_ptr": 444059, "connectionContractType": "DEFAULT", "nfATO_capacity_kW": 0.0, "nfATO_starttime_h": 0.0, "nfATO_endtime_h": 0.0}}, {"model": "holon.taxcontract", "pk": 444004, "fields": {"contract_ptr": 444004, "taxContractType": "SALDEREN", "taxDelivery_eurpkWh": 0.12, "taxFeedin_eurpkWh": 0.12, "proportionalTax_pct": 0.21}}, {"model": "holon.taxcontract", "pk": 444008, "fields": {"contract_ptr": 444008, "taxContractType": "SALDEREN", "taxDelivery_eurpkWh": 0.12, "taxFeedin_eurpkWh": 0.12, "proportionalTax_pct": 0.21}}, {"model": "holon.taxcontract", "pk": 444012, "fields": {"contract_ptr": 444012, "taxContractType": "SALDEREN", "taxDelivery_eurpkWh": 0.12, "taxFeedin_eurpkWh": 0.12, "proportionalTax_pct": 0.21}}, {"model": "holon.taxcontract", "pk": 444016, "fields": {"contract_ptr": 444016, "taxContractType": "SALDEREN", "taxDelivery_eurpkWh": 0.12, "taxFeedin_eurpkWh": 0.12, "proportionalTax_pct": 0.21}}, {"model": "holon.taxcontract", "pk": 444020, "fields": {"contract_ptr": 444020, "taxContractType": "SALDEREN", "taxDelivery_eurpkWh": 0.12, "taxFeedin_eurpkWh": 0.12, "proportionalTax_pct": 0.21}}, {"model": "holon.taxcontract", "pk": 444023, "fields": {"contract_ptr": 444023, "taxContractType": "SALDEREN", "taxDelivery_eurpkWh": 0.12, "taxFeedin_eurpkWh": 0.12, "proportionalTax_pct": 0.21}}, {"model": "holon.taxcontract", "pk": 444029, "fields": {"contract_ptr": 444029, "taxContractType": "SALDEREN", "taxDelivery_eurpkWh": 0.12, "taxFeedin_eurpkWh": 0.12, "proportionalTax_pct": 0.21}}, {"model": "holon.taxcontract", "pk": 444033, "fields": {"contract_ptr": 444033, "taxContractType": "SALDEREN", "taxDelivery_eurpkWh": 0.12, "taxFeedin_eurpkWh": 0.12, "proportionalTax_pct": 0.21}}, {"model": "holon.taxcontract", "pk": 444037, "fields": {"contract_ptr": 444037, "taxContractType": "SALDEREN", "taxDelivery_eurpkWh": 0.12, "taxFeedin_eurpkWh": 0.12, "proportionalTax_pct": 0.21}}, {"model": "holon.taxcontract", "pk": 444041, "fields": {"contract_ptr": 444041, "taxContractType": "SALDEREN", "taxDelivery_eurpkWh": 0.12, "taxFeedin_eurpkWh": 0.12, "proportionalTax_pct": 0.21}}, {"model": "holon.taxcontract", "pk": 444069, "fields": {"contract_ptr": 444069, "taxContractType": "SALDEREN", "taxDelivery_eurpkWh": 0.12, "taxFeedin_eurpkWh": 0.12, "proportionalTax_pct": 0.21}}, {"model": "holon.taxcontract", "pk": 444070, "fields": {"contract_ptr": 444070, "taxContractType": "SALDEREN", "taxDelivery_eurpkWh": 0.12, "taxFeedin_eurpkWh": 0.12, "proportionalTax_pct": 0.21}}, {"model": "holon.taxcontract", "pk": 444071, "fields": {"contract_ptr": 444071, "taxContractType": "SALDEREN", "taxDelivery_eurpkWh": 0.12, "taxFeedin_eurpkWh": 0.12, "proportionalTax_pct": 0.21}}, {"model": "holon.taxcontract", "pk": 444072, "fields": {"contract_ptr": 444072, "taxContractType": "SALDEREN", "taxDelivery_eurpkWh": 0.12, "taxFeedin_eurpkWh": 0.12, "proportionalTax_pct": 0.21}}, {"model": "holon.taxcontract", "pk": 444073, "fields": {"contract_ptr": 444073, "taxContractType": "SALDEREN", "taxDelivery_eurpkWh": 0.12, "taxFeedin_eurpkWh": 0.12, "proportionalTax_pct": 0.21}}, {"model": "holon.taxcontract", "pk": 444074, "fields": {"contract_ptr": 444074, "taxContractType": "SALDEREN", "taxDelivery_eurpkWh": 0.12, "taxFeedin_eurpkWh": 0.12, "proportionalTax_pct": 0.21}}, {"model": "holon.taxcontract", "pk": 444075, "fields": {"contract_ptr": 444075, "taxContractType": "SALDEREN", "taxDelivery_eurpkWh": 0.12, "taxFeedin_eurpkWh": 0.12, "proportionalTax_pct": 0.21}}, {"model": "holon.taxcontract", "pk": 444076, "fields": {"contract_ptr": 444076, "taxContractType": "SALDEREN", "taxDelivery_eurpkWh": 0.12, "taxFeedin_eurpkWh": 0.12, "proportionalTax_pct": 0.21}}, {"model": "holon.taxcontract", "pk": 444077, "fields": {"contract_ptr": 444077, "taxContractType": "SALDEREN", "taxDelivery_eurpkWh": 0.12, "taxFeedin_eurpkWh": 0.12, "proportionalTax_pct": 0.21}}, {"model": "holon.transportcontract", "pk": 444003, "fields": {"contract_ptr": 444003, "transportContractType": "DEFAULT", "bandwidthTreshold_kW": 0.0, "bandwidthTariff_eurpkWh": 0.0}}, {"model": "holon.transportcontract", "pk": 444007, "fields": {"contract_ptr": 444007, "transportContractType": "DEFAULT", "bandwidthTreshold_kW": 0.0, "bandwidthTariff_eurpkWh": 0.0}}, {"model": "holon.transportcontract", "pk": 444011, "fields": {"contract_ptr": 444011, "transportContractType": "DEFAULT", "bandwidthTreshold_kW": 0.0, "bandwidthTariff_eurpkWh": 0.0}}, {"model": "holon.transportcontract", "pk": 444015, "fields": {"contract_ptr": 444015, "transportContractType": "DEFAULT", "bandwidthTreshold_kW": 0.0, "bandwidthTariff_eurpkWh": 0.0}}, {"model": "holon.transportcontract", "pk": 444019, "fields": {"contract_ptr": 444019, "transportContractType": "DEFAULT", "bandwidthTreshold_kW": 0.0, "bandwidthTariff_eurpkWh": 0.0}}, {"model": "holon.transportcontract", "pk": 444027, "fields": {"contract_ptr": 444027, "transportContractType": "DEFAULT", "bandwidthTreshold_kW": 0.0, "bandwidthTariff_eurpkWh": 0.0}}, {"model": "holon.transportcontract", "pk": 444028, "fields": {"contract_ptr": 444028, "transportContractType": "DEFAULT", "bandwidthTreshold_kW": 0.0, "bandwidthTariff_eurpkWh": 0.0}}, {"model": "holon.transportcontract", "pk": 444032, "fields": {"contract_ptr": 444032, "transportContractType": "DEFAULT", "bandwidthTreshold_kW": 0.0, "bandwidthTariff_eurpkWh": 0.0}}, {"model": "holon.transportcontract", "pk": 444036, "fields": {"contract_ptr": 444036, "transportContractType": "DEFAULT", "bandwidthTreshold_kW": 0.0, "bandwidthTariff_eurpkWh": 0.0}}, {"model": "holon.transportcontract", "pk": 444040, "fields": {"contract_ptr": 444040, "transportContractType": "DEFAULT", "bandwidthTreshold_kW": 0.0, "bandwidthTariff_eurpkWh": 0.0}}, {"model": "holon.transportcontract", "pk": 444060, "fields": {"contract_ptr": 444060, "transportContractType": "DEFAULT", "bandwidthTreshold_kW": 0.0, "bandwidthTariff_eurpkWh": 0.0}}, {"model": "holon.transportcontract", "pk": 444061, "fields": {"contract_ptr": 444061, "transportContractType": "DEFAULT", "bandwidthTreshold_kW": 0.0, "bandwidthTariff_eurpkWh": 0.0}}, {"model": "holon.transportcontract", "pk": 444062, "fields": {"contract_ptr": 444062, "transportContractType": "DEFAULT", "bandwidthTreshold_kW": 0.0, "bandwidthTariff_eurpkWh": 0.0}}, {"model": "holon.transportcontract", "pk": 444063, "fields": {"contract_ptr": 444063, "transportContractType": "DEFAULT", "bandwidthTreshold_kW": 0.0, "bandwidthTariff_eurpkWh": 0.0}}, {"model": "holon.transportcontract", "pk": 444064, "fields": {"contract_ptr": 444064, "transportContractType": "DEFAULT", "bandwidthTreshold_kW": 0.0, "bandwidthTariff_eurpkWh": 0.0}}, {"model": "holon.transportcontract", "pk": 444065, "fields": {"contract_ptr": 444065, "transportContractType": "DEFAULT", "bandwidthTreshold_kW": 0.0, "bandwidthTariff_eurpkWh": 0.0}}, {"model": "holon.transportcontract", "pk": 444066, "fields": {"contract_ptr": 444066, "transportContractType": "DEFAULT", "bandwidthTreshold_kW": 0.0, "bandwidthTariff_eurpkWh": 0.0}}, {"model": "holon.transportcontract", "pk": 444067, "fields": {"contract_ptr": 444067, "transportContractType": "DEFAULT", "bandwidthTreshold_kW": 0.0, "bandwidthTariff_eurpkWh": 0.0}}, {"model": "holon.transportcontract", "pk": 444068, "fields": {"contract_ptr": 444068, "transportContractType": "DEFAULT", "bandwidthTreshold_kW": 0.0, "bandwidthTariff_eurpkWh": 0.0}}, {"model": "holon.relationattributefilter", "pk": 444004, "fields": {"polymorphic_ctype": ["holon", "relationattributefilter"], "model_attribute": "id", "comparator": "EQUAL", "value": "E14", "rule": 444003, "relation_field": "parent_electric", "relation_field_subtype": ""}}, {"model": "holon.interactiveelement", "pk": 444003, "fields": {"scenario": 444001, "name": "Buurt 1: Warmtesysteemkeuze", "type": "single_select", "level": null, "more_information": "Welke warmtesysteem voor buurt \"Oud Centrum\"?", "link_wiki_page": null}}, {"model": "holon.interactiveelementoptions", "pk": 444007, "fields": {"sort_order": 0, "input": 444003, "option": "cv_ketels", "label": "Referentie (gasketels)", "default": true, "legal_limitation": null, "level": "local", "color": null, "link_wiki_page": null}}, {"model": "holon.interactiveelementoptions", "pk": 444008, "fields": {"sort_order": 1, "input": 444003, "option": "all_electric", "label": "All-electric warmtepompen (individueel)", "default": false, "legal_limitation": null, "level": "local", "color": null, "link_wiki_page": null}}, {"model": "holon.queryandconvertconfig", "pk": 444001, "fields": {"scenario": 444001, "module": "upscaling", "name": "National upscaling", "api_url": "https://beta-engine.energytransitionmodel.com/api/v3/scenarios/", "etm_scenario_id": 123456}}, {"model": "holon.queryandconvertconfig", "pk": 444002, "fields": {"scenario": 444001, "module": "cost", "name": "Gebiedskosten", "api_url": "https://beta-engine.energytransitionmodel.com/api/v3/scenarios/", "etm_scenario_id": 123456}}, {"model": "holon.queryandconvertconfig", "pk": 444003, "fields": {"scenario": 444001, "module": "costbenefit", "name": "National upscaling", "api_url": "https://beta-engine.energytransitionmodel.com/api/v3/scenarios/", "etm_scenario_id": 123456}}, {"model": "holon.queryandconvertconfig", "pk": 444004, "fields": {"scenario": 444001, "module": "costbenefit", "name": "Cost module", "api_url": "https://beta-engine.energytransitionmodel.com/api/v3/scenarios/", "etm_scenario_id": 123456}}, {"model": "holon.etmquery", "pk": 444001, "fields": {"internal_key": "energy_hub_installed_capacity_wind_turbines_on_land", "endpoint": "input", "data_type": "value", "etm_key": "capacity_of_energy_power_wind_turbine_inland", "related_config": 444001, "related_interactive_element": null, "interactive_upscaling_comment": null}}, {"model": "holon.etmquery", "pk": 444002, "fields": {"internal_key": "1", "endpoint": "input", "data_type": "value", "etm_key": "1", "related_config": 444002, "related_interactive_element": null, "interactive_upscaling_comment": null}}, {"model": "holon.etmquery", "pk": 444003, "fields": {"internal_key": "capacity_of_energy_power_wind_turbine_inland", "endpoint": "input", "data_type": "value", "etm_key": "capacity_of_energy_power_wind_turbine_inland", "related_config": 444003, "related_interactive_element": null, "interactive_upscaling_comment": null}}, {"model": "holon.etmquery", "pk": 444004, "fields": {"internal_key": "price_of_natural_gas_per_mwh", "endpoint": "input", "data_type": "value", "etm_key": "price_of_natural_gas_per_mwh", "related_config": 444004, "related_interactive_element": null, "interactive_upscaling_comment": null}}, {"model": "holon.anylogiccloudconfig", "pk": 444001, "fields": {"api_key": "9f281fab-a0bf-4bf5-9baa-b74d9d2fcc89", "url": "https://engine.holontool.nl", "model_name": "Base_29mar", "model_version_number": 1, "scenario": 444001, "owner_email": "jorrit.van.den.houten@witteveenbos.com"}}, {"model": "holon.anylogiccloudinput", "pk": 444001, "fields": {"anylogic_key": "P import local config jsons", "anylogic_value": false, "anylogic_model_configuration": 444001}}, {"model": "holon.anylogiccloudoutput", "pk": 444001, "fields": {"anylogic_key": "O output actorData", "internal_key": "actors", "anylogic_model_configuration": 444001}}, {"model": "holon.anylogiccloudoutput", "pk": 444002, "fields": {"anylogic_key": "O simulation results", "internal_key": "simulation_results", "anylogic_model_configuration": 444001}}, {"model": "holon.anylogiccloudoutput", "pk": 444003, "fields": {"anylogic_key": "O hourly curves data", "internal_key": "curves", "anylogic_model_configuration": 444001}}, {"model": "holon.anylogiccloudoutput", "pk": 444004, "fields": {"anylogic_key": "O output runSettings", "internal_key": "run_settings", "anylogic_model_configuration": 444001}}, {"model": "holon.rule", "pk": 444003, "fields": {"polymorphic_ctype": ["holon", "scenariorule"], "model_type": "GridConnection", "model_subtype": "HouseGridConnection"}}, {"model": "holon.scenariorule", "pk": 444003, "fields": {"rule_ptr": 444003, "interactive_element_option": 444008, "interactive_element_continuous_values": null}}, {"model": "holon.policy", "pk": 444002, "fields": {"polymorphic_ctype": ["holon", "policy"], "parameter": "Grid_MS_congestion_allowance_level_kW", "value": "0", "unit": "kW", "comment": "gridOperator policy variable", "payload": 444001, "wildcard_JSON": null}}, {"model": "holon.policy", "pk": 444003, "fields": {"polymorphic_ctype": ["holon", "policy"], "parameter": "Grid_MS_congestion_price_eurpkWh", "value": "10.0", "unit": "eurpkWh", "comment": "gridOperator policy value", "payload": 444001, "wildcard_JSON": null}}, {"model": "holon.policy", "pk": 444004, "fields": {"polymorphic_ctype": ["holon", "policy"], "parameter": "Grid_MS_congestion_threshold_fr", "value": "0.1", "unit": "fr", "comment": "gridOperator policy value", "payload": 444001, "wildcard_JSON": null}}, {"model": "holon.policy", "pk": 444005, "fields": {"polymorphic_ctype": ["holon", "policy"], "parameter": "Grid_MS_congestion_pricing_consumption_eurpkWh", "value": "TRUE", "unit": "null", "comment": "gridOperator policy value", "payload": 444001, "wildcard_JSON": null}}, {"model": "holon.policy", "pk": 444006, "fields": {"polymorphic_ctype": ["holon", "policy"], "parameter": "Grid_MS_congestion_pricing_production_eurpkWh", "value": "TRUE", "unit": "null", "comment": "gridOperator policy value", "payload": 444001, "wildcard_JSON": null}}, {"model": "holon.policy", "pk": 444007, "fields": {"polymorphic_ctype": ["holon", "policy"], "parameter": "Fixed_electricity_price_eurpkWh", "value": "0.21", "unit": "EUR p kWh", "comment": "Fixed_electricity_price", "payload": 444001, "wildcard_JSON": null}}, {"model": "holon.policy", "pk": 444008, "fields": {"polymorphic_ctype": ["holon", "policy"], "parameter": "Fixed_heat_price_eurpkWh", "value": "0.1", "unit": "EUR p kWh", "comment": "Fixed_heat_price", "payload": 444001, "wildcard_JSON": null}}, {"model": "holon.policy", "pk": 444009, "fields": {"polymorphic_ctype": ["holon", "policy"], "parameter": "Fixed_methane_price_eurpkWh", "value": "0.05", "unit": "EUR p kWh", "comment": "Fixed_methane_price", "payload": 444001, "wildcard_JSON": null}}, {"model": "holon.policy", "pk": 444010, "fields": {"polymorphic_ctype": ["holon", "policy"], "parameter": "Fixed_hydrogen_price_eurpkWh", "value": "0.3", "unit": "EUR p kWh", "comment": "Fixed_hydrogen_price", "payload": 444001, "wildcard_JSON": null}}, {"model": "holon.policy", "pk": 444011, "fields": {"polymorphic_ctype": ["holon", "policy"], "parameter": "Energy_supplier_electricity_price_margin_eurpkWh", "value": "0.17", "unit": "fr", "comment": "p_variableElectricityPriceOverNational_eurpkWh", "payload": 444001, "wildcard_JSON": null}}, {"model": "holon.policy", "pk": 444012, "fields": {"polymorphic_ctype": ["holon", "policy"], "parameter": "Fixed_electricity_feed_in_tariff_eurpkWh", "value": "0.1", "unit": "EUR_pKWh", "comment": "p_fixedFeedinTariff_eurpkWh", "payload": 444001, "wildcard_JSON": null}}, {"model": "holon.policy", "pk": 444013, "fields": {"polymorphic_ctype": ["holon", "policy"], "parameter": "Fixed_diesel_price_eurpkWh", "value": "0.2", "unit": "EUR_pKWh", "comment": "Fixed_diesel_price", "payload": 444001, "wildcard_JSON": null}}, {"model": "holon.policy", "pk": 444014, "fields": {"polymorphic_ctype": ["holon", "policy"], "parameter": "Time_buffer_for_spread_charging_min", "value": "60", "unit": "minutes", "comment": "Time_buffer_for_spread_charging, Integer value", "payload": 444001, "wildcard_JSON": null}}, {"model": "holon.policy", "pk": 444015, "fields": {"polymorphic_ctype": ["holon", "policy"], "parameter": "Salderen", "value": "false", "unit": "boolean", "comment": "switch for salderen", "payload": 444001, "wildcard_JSON": null}}, {"model": "holon.policy", "pk": 444016, "fields": {"polymorphic_ctype": ["holon", "policy"], "parameter": "Capacitypricing_households_kW", "value": "5", "unit": "int", "comment": "power level at which capacity pricing kicks in", "payload": 444001, "wildcard_JSON": null}}, {"model": "holon.policy", "pk": 444017, "fields": {"polymorphic_ctype": ["holon", "policy"], "parameter": "Capacitypricing_households_eur", "value": "0.5", "unit": "float", "comment": "capacity price value for households", "payload": 444001, "wildcard_JSON": null}}]