[
    {
        "model": "holon.scenario",
        "pk": 1,
        "fields": {
            "name": "Bedrijventerein energyhub",
            "version": 1,
            "comment": ""
        }
    },
    {
        "model": "holon.actor",
        "pk": 1,
        "fields": {
            "polymorphic_ctype": ["holon", "actor"],
            "category": "OPERATORGRID",
            "group": null,
            "subgroup": null,
            "payload": 1,
            "wildcard_JSON": null
        }
    },
    {
        "model": "holon.actor",
        "pk": 2,
        "fields": {
            "polymorphic_ctype": ["holon", "actor"],
            "category": "HOLONENERGY",
            "group": null,
            "subgroup": null,
            "payload": 1,
            "wildcard_JSON": null
        }
    },
    {
        "model": "holon.actor",
        "pk": 3,
        "fields": {
            "polymorphic_ctype": ["holon", "actor"],
            "category": "SUPPLIERENERGY",
            "group": null,
            "subgroup": null,
            "payload": 1,
            "wildcard_JSON": null
        }
    },
    {
        "model": "holon.actor",
        "pk": 4,
        "fields": {
            "polymorphic_ctype": ["holon", "actor"],
            "category": "CONNECTIONOWNER",
            "group": null,
            "subgroup": null,
            "payload": 1,
            "wildcard_JSON": null
        }
    },
    {
        "model": "holon.actor",
        "pk": 5,
        "fields": {
            "polymorphic_ctype": ["holon", "actor"],
            "category": "CONNECTIONOWNER",
            "group": null,
            "subgroup": null,
            "payload": 1,
            "wildcard_JSON": null
        }
    },
    {
        "model": "holon.actor",
        "pk": 6,
        "fields": {
            "polymorphic_ctype": ["holon", "actor"],
            "category": "CONNECTIONOWNER",
            "group": null,
            "subgroup": null,
            "payload": 1,
            "wildcard_JSON": null
        }
    },
    {
        "model": "holon.actor",
        "pk": 7,
        "fields": {
            "polymorphic_ctype": ["holon", "actor"],
            "category": "CONNECTIONOWNER",
            "group": null,
            "subgroup": null,
            "payload": 1,
            "wildcard_JSON": null
        }
    },
    {
        "model": "holon.actor",
        "pk": 8,
        "fields": {
            "polymorphic_ctype": ["holon", "actor"],
            "category": "CONNECTIONOWNER",
            "group": null,
            "subgroup": null,
            "payload": 1,
            "wildcard_JSON": null
        }
    },
    {
        "model": "holon.actor",
        "pk": 9,
        "fields": {
            "polymorphic_ctype": ["holon", "actor"],
            "category": "GOVHOLON",
            "group": null,
            "subgroup": null,
            "payload": 1,
            "wildcard_JSON": null
        }
    },
    {
        "model": "holon.gridnode",
        "pk": 1,
        "fields": {
            "polymorphic_ctype": ["holon", "electricgridnode"],
            "owner_actor": 1,
            "capacity_kw": 5000.0,
            "parent": null,
            "payload": 1,
            "wildcard_JSON": null
        }
    },
    {
        "model": "holon.gridnode",
        "pk": 2,
        "fields": {
            "polymorphic_ctype": ["holon", "electricgridnode"],
            "owner_actor": 1,
            "capacity_kw": 5000.0,
            "parent": 1,
            "payload": 1,
            "wildcard_JSON": null
        }
    },
    {
        "model": "holon.electricgridnode",
        "pk": 1,
        "fields": { "gridnode_ptr": 1, "type": "HSMS" }
    },
    {
        "model": "holon.electricgridnode",
        "pk": 2,
        "fields": { "gridnode_ptr": 2, "type": "MSLS" }
    },
    {
        "model": "holon.gridconnection",
        "pk": 1,
        "fields": {
            "polymorphic_ctype": ["holon", "buildinggridconnection"],
            "owner_actor": 4,
            "capacity_kw": 1250.0,
            "parent_electric": 2,
            "parent_heat": null,
            "charging_mode": "SIMPLE",
            "battery_mode": null,
            "nfATO_capacity_kw": null,
            "nfATO_starttime": null,
            "nfATO_endtime": null,
            "payload": 1,
            "wildcard_JSON": null
        }
    },
    {
        "model": "holon.gridconnection",
        "pk": 2,
        "fields": {
            "polymorphic_ctype": ["holon", "buildinggridconnection"],
            "owner_actor": 5,
            "capacity_kw": 1250.0,
            "parent_electric": 2,
            "parent_heat": null,
            "charging_mode": "SIMPLE",
            "battery_mode": null,
            "nfATO_capacity_kw": null,
            "nfATO_starttime": null,
            "nfATO_endtime": null,
            "payload": 1,
            "wildcard_JSON": null
        }
    },
    {
        "model": "holon.gridconnection",
        "pk": 3,
        "fields": {
            "polymorphic_ctype": ["holon", "industrygridconnection"],
            "owner_actor": 6,
            "capacity_kw": 3000.0,
            "parent_electric": 2,
            "parent_heat": null,
            "charging_mode": null,
            "battery_mode": null,
            "nfATO_capacity_kw": null,
            "nfATO_starttime": null,
            "nfATO_endtime": null,
            "payload": 1,
            "wildcard_JSON": null
        }
    },
    {
        "model": "holon.gridconnection",
        "pk": 4,
        "fields": {
            "polymorphic_ctype": ["holon", "productiongridconnection"],
            "owner_actor": 7,
            "capacity_kw": 5000.0,
            "parent_electric": 2,
            "parent_heat": null,
            "charging_mode": null,
            "battery_mode": null,
            "nfATO_capacity_kw": null,
            "nfATO_starttime": null,
            "nfATO_endtime": null,
            "payload": 1,
            "wildcard_JSON": null
        }
    },
    {
        "model": "holon.gridconnection",
        "pk": 5,
        "fields": {
            "polymorphic_ctype": ["holon", "productiongridconnection"],
            "owner_actor": 8,
            "capacity_kw": 10000.0,
            "parent_electric": 2,
            "parent_heat": null,
            "charging_mode": null,
            "battery_mode": "BALANCE",
            "nfATO_capacity_kw": null,
            "nfATO_starttime": null,
            "nfATO_endtime": null,
            "payload": 1,
            "wildcard_JSON": null
        }
    },
    {
        "model": "holon.builtenvironmentgridconnection",
        "pk": 1,
        "fields": {
            "gridconnection_ptr": 1,
            "insulation_label": -1,
            "heating_type": "NONE"
        }
    },
    {
        "model": "holon.builtenvironmentgridconnection",
        "pk": 2,
        "fields": {
            "gridconnection_ptr": 2,
            "insulation_label": -1,
            "heating_type": "NONE"
        }
    },
    {
        "model": "holon.utilitygridconnection",
        "pk": 3,
        "fields": { "gridconnection_ptr": 3, "heating_type": "GASBURNER" }
    },
    {
        "model": "holon.buildinggridconnection",
        "pk": 1,
        "fields": {
            "builtenvironmentgridconnection_ptr": 1,
            "type": "LOGISTICS"
        }
    },
    {
        "model": "holon.buildinggridconnection",
        "pk": 2,
        "fields": {
            "builtenvironmentgridconnection_ptr": 2,
            "type": "LOGISTICS"
        }
    },
    {
        "model": "holon.productiongridconnection",
        "pk": 4,
        "fields": { "gridconnection_ptr": 4, "category": "WINDFARM" }
    },
    {
        "model": "holon.productiongridconnection",
        "pk": 5,
        "fields": { "gridconnection_ptr": 5, "category": "GRIDBATTERY" }
    },
    {
        "model": "holon.industrygridconnection",
        "pk": 3,
        "fields": { "utilitygridconnection_ptr": 3, "type": "INDUSTRY_OTHER" }
    },
    {
        "model": "holon.energyasset",
        "pk": 1,
        "fields": {
            "polymorphic_ctype": ["holon", "dieselvehicleasset"],
            "gridconnection": 1,
            "gridnode": null,
            "name": "Diesel_Truck",
            "wildcard_JSON": null
        }
    },
    {
        "model": "holon.energyasset",
        "pk": 2,
        "fields": {
            "polymorphic_ctype": ["holon", "dieselvehicleasset"],
            "gridconnection": 2,
            "gridnode": null,
            "name": "Diesel_Truck",
            "wildcard_JSON": null
        }
    },
    {
        "model": "holon.energyasset",
        "pk": 4,
        "fields": {
            "polymorphic_ctype": ["holon", "heatconsumptionasset"],
            "gridconnection": 3,
            "gridnode": null,
            "name": "INDUSTRY_OTHER_HEAT_DEMAND",
            "wildcard_JSON": null
        }
    },
    {
        "model": "holon.energyasset",
        "pk": 5,
        "fields": {
            "polymorphic_ctype": ["holon", "electricconsumptionasset"],
            "gridconnection": 3,
            "gridnode": null,
            "name": "Office_other_electricity",
            "wildcard_JSON": null
        }
    },
    {
        "model": "holon.energyasset",
        "pk": 6,
        "fields": {
            "polymorphic_ctype": ["holon", "chemicalheatconversionasset"],
            "gridconnection": 3,
            "gridnode": null,
            "name": "Building_gas_burner",
            "wildcard_JSON": null
        }
    },
    {
        "model": "holon.consumptionasset",
        "pk": 1,
        "fields": { "energyasset_ptr": 1, "type": "DIESEL_VEHICLE" }
    },
    {
        "model": "holon.consumptionasset",
        "pk": 2,
        "fields": { "energyasset_ptr": 2, "type": "DIESEL_VEHICLE" }
    },
    {
        "model": "holon.consumptionasset",
        "pk": 4,
        "fields": { "energyasset_ptr": 4, "type": "HEAT_DEMAND" }
    },
    {
        "model": "holon.consumptionasset",
        "pk": 5,
        "fields": { "energyasset_ptr": 5, "type": "ELECTRICITY_DEMAND" }
    },
    {
        "model": "holon.dieselvehicleasset",
        "pk": 1,
        "fields": {
            "consumptionasset_ptr": 1,
            "energyConsumption_kWhpkm": 3.0,
            "vehicleScaling": 5
        }
    },
    {
        "model": "holon.dieselvehicleasset",
        "pk": 2,
        "fields": {
            "consumptionasset_ptr": 2,
            "energyConsumption_kWhpkm": 3.0,
            "vehicleScaling": 5
        }
    },
    {
        "model": "holon.heatconsumptionasset",
        "pk": 4,
        "fields": {
            "consumptionasset_ptr": 4,
            "yearlyDemandHeat_kWh": 6000000.0
        }
    },
    {
        "model": "holon.electricconsumptionasset",
        "pk": 5,
        "fields": {
            "consumptionasset_ptr": 5,
            "yearlyDemandElectricity_kWh": 10000000.0
        }
    },
    {
        "model": "holon.conversionasset",
        "pk": 6,
        "fields": { "energyasset_ptr": 6, "type": "GAS_BURNER", "eta_r": 0.95 }
    },
    {
        "model": "holon.heatconversionasset",
        "pk": 6,
        "fields": { "conversionasset_ptr": 6, "deliveryTemp_degc": 100.0 }
    },
    {
        "model": "holon.chemicalheatconversionasset",
        "pk": 6,
        "fields": { "heatconversionasset_ptr": 6, "capacityHeat_kW": 1000.0 }
    },
    {
        "model": "holon.contract",
        "pk": 1,
        "fields": {
            "polymorphic_ctype": ["holon", "deliverycontract"],
            "contractType": "DELIVERY",
            "contractScope": 3,
            "energyCarrier": "ELECTRICITY",
            "actor": 4,
            "annualFee_eur": 100.0,
            "wildcard_JSON": null
        }
    },
    {
        "model": "holon.contract",
        "pk": 2,
        "fields": {
            "polymorphic_ctype": ["holon", "deliverycontract"],
            "contractType": "DELIVERY",
            "contractScope": 3,
            "energyCarrier": "ELECTRICITY",
            "actor": 5,
            "annualFee_eur": 100.0,
            "wildcard_JSON": null
        }
    },
    {
        "model": "holon.contract",
        "pk": 3,
        "fields": {
            "polymorphic_ctype": ["holon", "deliverycontract"],
            "contractType": "DELIVERY",
            "contractScope": 3,
            "energyCarrier": "ELECTRICITY",
            "actor": 6,
            "annualFee_eur": 100.0,
            "wildcard_JSON": null
        }
    },
    {
        "model": "holon.contract",
        "pk": 4,
        "fields": {
            "polymorphic_ctype": ["holon", "connectioncontract"],
            "contractType": "CONNECTION",
            "contractScope": 1,
            "energyCarrier": "ELECTRICITY",
            "actor": 4,
            "annualFee_eur": 100.0,
            "wildcard_JSON": null
        }
    },
    {
        "model": "holon.contract",
        "pk": 5,
        "fields": {
            "polymorphic_ctype": ["holon", "connectioncontract"],
            "contractType": "CONNECTION",
            "contractScope": 1,
            "energyCarrier": "ELECTRICITY",
            "actor": 5,
            "annualFee_eur": 100.0,
            "wildcard_JSON": null
        }
    },
    {
        "model": "holon.contract",
        "pk": 6,
        "fields": {
            "polymorphic_ctype": ["holon", "connectioncontract"],
            "contractType": "CONNECTION",
            "contractScope": 1,
            "energyCarrier": "ELECTRICITY",
            "actor": 6,
            "annualFee_eur": 100.0,
            "wildcard_JSON": null
        }
    },
    {
        "model": "holon.contract",
        "pk": 7,
        "fields": {
            "polymorphic_ctype": ["holon", "connectioncontract"],
            "contractType": "CONNECTION",
            "contractScope": 1,
            "energyCarrier": "ELECTRICITY",
            "actor": 7,
            "annualFee_eur": 100.0,
            "wildcard_JSON": null
        }
    },
    {
        "model": "holon.contract",
        "pk": 8,
        "fields": {
            "polymorphic_ctype": ["holon", "connectioncontract"],
            "contractType": "CONNECTION",
            "contractScope": 1,
            "energyCarrier": "ELECTRICITY",
            "actor": 8,
            "annualFee_eur": 100.0,
            "wildcard_JSON": null
        }
    },
    {
        "model": "holon.contract",
        "pk": 9,
        "fields": {
            "polymorphic_ctype": ["holon", "deliverycontract"],
            "contractType": "DELIVERY",
            "contractScope": 3,
            "energyCarrier": "ELECTRICITY",
            "actor": 7,
            "annualFee_eur": 100.0,
            "wildcard_JSON": null
        }
    },
    {
        "model": "holon.contract",
        "pk": 10,
        "fields": {
            "polymorphic_ctype": ["holon", "deliverycontract"],
            "contractType": "DELIVERY",
            "contractScope": 3,
            "energyCarrier": "ELECTRICITY",
            "actor": 8,
            "annualFee_eur": 100.0,
            "wildcard_JSON": null
        }
    },
    {
        "model": "holon.contract",
        "pk": 11,
        "fields": {
            "polymorphic_ctype": ["holon", "taxcontract"],
            "contractType": "TAX",
            "contractScope": 9,
            "energyCarrier": "ELECTRICITY",
            "actor": 4,
            "annualFee_eur": 0.0,
            "wildcard_JSON": null
        }
    },
    {
        "model": "holon.contract",
        "pk": 12,
        "fields": {
            "polymorphic_ctype": ["holon", "taxcontract"],
            "contractType": "TAX",
            "contractScope": 9,
            "energyCarrier": "ELECTRICITY",
            "actor": 5,
            "annualFee_eur": 0.0,
            "wildcard_JSON": null
        }
    },
    {
        "model": "holon.contract",
        "pk": 13,
        "fields": {
            "polymorphic_ctype": ["holon", "taxcontract"],
            "contractType": "TAX",
            "contractScope": 9,
            "energyCarrier": "ELECTRICITY",
            "actor": 6,
            "annualFee_eur": 0.0,
            "wildcard_JSON": null
        }
    },
    {
        "model": "holon.contract",
        "pk": 14,
        "fields": {
            "polymorphic_ctype": ["holon", "taxcontract"],
            "contractType": "TAX",
            "contractScope": 9,
            "energyCarrier": "ELECTRICITY",
            "actor": 7,
            "annualFee_eur": 0.0,
            "wildcard_JSON": null
        }
    },
    {
        "model": "holon.contract",
        "pk": 15,
        "fields": {
            "polymorphic_ctype": ["holon", "taxcontract"],
            "contractType": "TAX",
            "contractScope": 9,
            "energyCarrier": "ELECTRICITY",
            "actor": 8,
            "annualFee_eur": 0.0,
            "wildcard_JSON": null
        }
    },
    {
        "model": "holon.contract",
        "pk": 16,
        "fields": {
            "polymorphic_ctype": ["holon", "transportcontract"],
            "contractType": "TRANSPORT",
            "contractScope": 1,
            "energyCarrier": "ELECTRICITY",
            "actor": 4,
            "annualFee_eur": 0.0,
            "wildcard_JSON": null
        }
    },
    {
        "model": "holon.contract",
        "pk": 17,
        "fields": {
            "polymorphic_ctype": ["holon", "transportcontract"],
            "contractType": "TRANSPORT",
            "contractScope": 1,
            "energyCarrier": "ELECTRICITY",
            "actor": 5,
            "annualFee_eur": 0.0,
            "wildcard_JSON": null
        }
    },
    {
        "model": "holon.contract",
        "pk": 18,
        "fields": {
            "polymorphic_ctype": ["holon", "transportcontract"],
            "contractType": "TRANSPORT",
            "contractScope": 1,
            "energyCarrier": "ELECTRICITY",
            "actor": 6,
            "annualFee_eur": 0.0,
            "wildcard_JSON": null
        }
    },
    {
        "model": "holon.contract",
        "pk": 19,
        "fields": {
            "polymorphic_ctype": ["holon", "transportcontract"],
            "contractType": "TRANSPORT",
            "contractScope": 1,
            "energyCarrier": "ELECTRICITY",
            "actor": 7,
            "annualFee_eur": 0.0,
            "wildcard_JSON": null
        }
    },
    {
        "model": "holon.contract",
        "pk": 20,
        "fields": {
            "polymorphic_ctype": ["holon", "transportcontract"],
            "contractType": "TRANSPORT",
            "contractScope": 1,
            "energyCarrier": "ELECTRICITY",
            "actor": 8,
            "annualFee_eur": 0.0,
            "wildcard_JSON": null
        }
    },
    {
        "model": "holon.deliverycontract",
        "pk": 1,
        "fields": {
            "contract_ptr": 1,
            "deliveryContractType": "ELECTRICITY_VARIABLE",
            "deliveryPrice_eurpkWh": 0.0,
            "feedinPrice_eurpkWh": 0.0
        }
    },
    {
        "model": "holon.deliverycontract",
        "pk": 2,
        "fields": {
            "contract_ptr": 2,
            "deliveryContractType": "ELECTRICITY_VARIABLE",
            "deliveryPrice_eurpkWh": 0.0,
            "feedinPrice_eurpkWh": 0.0
        }
    },
    {
        "model": "holon.deliverycontract",
        "pk": 3,
        "fields": {
            "contract_ptr": 3,
            "deliveryContractType": "ELECTRICITY_VARIABLE",
            "deliveryPrice_eurpkWh": 0.0,
            "feedinPrice_eurpkWh": 0.0
        }
    },
    {
        "model": "holon.deliverycontract",
        "pk": 9,
        "fields": {
            "contract_ptr": 9,
            "deliveryContractType": "ELECTRICITY_VARIABLE",
            "deliveryPrice_eurpkWh": 0.0,
            "feedinPrice_eurpkWh": 0.0
        }
    },
    {
        "model": "holon.deliverycontract",
        "pk": 10,
        "fields": {
            "contract_ptr": 10,
            "deliveryContractType": "ELECTRICITY_VARIABLE",
            "deliveryPrice_eurpkWh": 0.0,
            "feedinPrice_eurpkWh": 0.0
        }
    },
    {
        "model": "holon.connectioncontract",
        "pk": 4,
        "fields": {
            "contract_ptr": 4,
            "connectionContractType": "DEFAULT",
            "nfATO_capacity_kW": 2000.0,
            "nfATO_starttime_h": 20.0,
            "nfATO_endtime_h": 7.0
        }
    },
    {
        "model": "holon.connectioncontract",
        "pk": 5,
        "fields": {
            "contract_ptr": 5,
            "connectionContractType": "DEFAULT",
            "nfATO_capacity_kW": 2000.0,
            "nfATO_starttime_h": 20.0,
            "nfATO_endtime_h": 7.0
        }
    },
    {
        "model": "holon.connectioncontract",
        "pk": 6,
        "fields": {
            "contract_ptr": 6,
            "connectionContractType": "DEFAULT",
            "nfATO_capacity_kW": 0.0,
            "nfATO_starttime_h": 0.0,
            "nfATO_endtime_h": 0.0
        }
    },
    {
        "model": "holon.connectioncontract",
        "pk": 7,
        "fields": {
            "contract_ptr": 7,
            "connectionContractType": "DEFAULT",
            "nfATO_capacity_kW": 0.0,
            "nfATO_starttime_h": 0.0,
            "nfATO_endtime_h": 0.0
        }
    },
    {
        "model": "holon.connectioncontract",
        "pk": 8,
        "fields": {
            "contract_ptr": 8,
            "connectionContractType": "DEFAULT",
            "nfATO_capacity_kW": 0.0,
            "nfATO_starttime_h": 0.0,
            "nfATO_endtime_h": 0.0
        }
    },
    {
        "model": "holon.taxcontract",
        "pk": 11,
        "fields": {
            "contract_ptr": 11,
            "taxContractType": "SALDEREN",
            "taxDelivery_eurpkWh": 0.15,
            "taxFeedin_eurpkWh": 0.15,
            "proportionalTax_pct": 0.21
        }
    },
    {
        "model": "holon.taxcontract",
        "pk": 12,
        "fields": {
            "contract_ptr": 12,
            "taxContractType": "SALDEREN",
            "taxDelivery_eurpkWh": 0.15,
            "taxFeedin_eurpkWh": 0.15,
            "proportionalTax_pct": 0.21
        }
    },
    {
        "model": "holon.taxcontract",
        "pk": 13,
        "fields": {
            "contract_ptr": 13,
            "taxContractType": "SALDEREN",
            "taxDelivery_eurpkWh": 0.15,
            "taxFeedin_eurpkWh": 0.15,
            "proportionalTax_pct": 0.21
        }
    },
    {
        "model": "holon.taxcontract",
        "pk": 14,
        "fields": {
            "contract_ptr": 14,
            "taxContractType": "SALDEREN",
            "taxDelivery_eurpkWh": 0.15,
            "taxFeedin_eurpkWh": 0.15,
            "proportionalTax_pct": 0.21
        }
    },
    {
        "model": "holon.taxcontract",
        "pk": 15,
        "fields": {
            "contract_ptr": 15,
            "taxContractType": "SALDEREN",
            "taxDelivery_eurpkWh": 0.15,
            "taxFeedin_eurpkWh": 0.15,
            "proportionalTax_pct": 0.21
        }
    },
    {
        "model": "holon.transportcontract",
        "pk": 16,
        "fields": {
            "contract_ptr": 16,
            "transportContractType": "DEFAULT",
            "bandwidthTreshold_kW": 0.0,
            "bandwidthTariff_eurpkWh": 0.0
        }
    },
    {
        "model": "holon.transportcontract",
        "pk": 17,
        "fields": {
            "contract_ptr": 17,
            "transportContractType": "DEFAULT",
            "bandwidthTreshold_kW": 0.0,
            "bandwidthTariff_eurpkWh": 0.0
        }
    },
    {
        "model": "holon.transportcontract",
        "pk": 18,
        "fields": {
            "contract_ptr": 18,
            "transportContractType": "DEFAULT",
            "bandwidthTreshold_kW": 0.0,
            "bandwidthTariff_eurpkWh": 0.0
        }
    },
    {
        "model": "holon.transportcontract",
        "pk": 19,
        "fields": {
            "contract_ptr": 19,
            "transportContractType": "DEFAULT",
            "bandwidthTreshold_kW": 0.0,
            "bandwidthTariff_eurpkWh": 0.0
        }
    },
    {
        "model": "holon.transportcontract",
        "pk": 20,
        "fields": {
            "contract_ptr": 20,
            "transportContractType": "DEFAULT",
            "bandwidthTreshold_kW": 0.0,
            "bandwidthTariff_eurpkWh": 0.0
        }
    },
    {
        "model": "holon.policy",
        "pk": 1,
        "fields": {
            "polymorphic_ctype": ["holon", "policy"],
            "parameter": "Time_buffer_for_spread_charging_min",
            "value": "60",
            "unit": "minutes",
            "comment": "Time_buffer_for_spread_charging, Integer value",
            "payload": 1,
            "wildcard_JSON": null
        }
    }
]
