[{"model": "holon.scenario", "pk": 1, "fields": {"name": "Bedrijventerein energyhub", "version": 1, "comment": ""}}, {"model": "holon.actorgroup", "pk": 1, "fields": {"name": "households"}}, {"model": "holon.actorgroup", "pk": 2, "fields": {"name": "Commercieel bedrijf 1"}}, {"model": "holon.actorgroup", "pk": 3, "fields": {"name": "Commercieel bedrijf 2"}}, {"model": "holon.actorgroup", "pk": 4, "fields": {"name": "Commercieel bedrijf 3"}}, {"model": "holon.actorgroup", "pk": 5, "fields": {"name": "Commercieel bedrijf 4"}}, {"model": "holon.actorgroup", "pk": 6, "fields": {"name": "Bedrijventerrein HOLON"}}, {"model": "holon.actorsubgroup", "pk": 1, "fields": {"name": "poor"}}, {"model": "holon.actor", "pk": 1, "fields": {"polymorphic_ctype": ["holon", "actor"], "category": "OPERATORGRID", "payload": 1, "group": null, "subgroup": null, "wildcard_JSON": null}}, {"model": "holon.actor", "pk": 2, "fields": {"polymorphic_ctype": ["holon", "actor"], "category": "HOLONENERGY", "payload": 1, "group": 6, "subgroup": null, "wildcard_JSON": [{"p_gridNodeUnderResponsibility": "E2"}]}}, {"model": "holon.actor", "pk": 3, "fields": {"polymorphic_ctype": ["holon", "actor"], "category": "SUPPLIERENERGY", "payload": 1, "group": null, "subgroup": null, "wildcard_JSON": null}}, {"model": "holon.actor", "pk": 4, "fields": {"polymorphic_ctype": ["holon", "actor"], "category": "CONNECTIONOWNER", "payload": 1, "group": 5, "subgroup": null, "wildcard_JSON": null}}, {"model": "holon.actor", "pk": 5, "fields": {"polymorphic_ctype": ["holon", "actor"], "category": "CONNECTIONOWNER", "payload": 1, "group": 4, "subgroup": null, "wildcard_JSON": null}}, {"model": "holon.actor", "pk": 6, "fields": {"polymorphic_ctype": ["holon", "actor"], "category": "CONNECTIONOWNER", "payload": 1, "group": 3, "subgroup": null, "wildcard_JSON": null}}, {"model": "holon.actor", "pk": 7, "fields": {"polymorphic_ctype": ["holon", "actor"], "category": "CONNECTIONOWNER", "payload": 1, "group": 2, "subgroup": null, "wildcard_JSON": null}}, {"model": "holon.actor", "pk": 8, "fields": {"polymorphic_ctype": ["holon", "actor"], "category": "CONNECTIONOWNER", "payload": 1, "group": null, "subgroup": null, "wildcard_JSON": null}}, {"model": "holon.actor", "pk": 9, "fields": {"polymorphic_ctype": ["holon", "actor"], "category": "GOVHOLON", "payload": 1, "group": null, "subgroup": null, "wildcard_JSON": null}}, {"model": "holon.gridnode", "pk": 1, "fields": {"polymorphic_ctype": ["holon", "electricgridnode"], "owner_actor": 1, "capacity_kw": 5000.0, "parent": null, "payload": 1, "wildcard_JSON": null}}, {"model": "holon.gridnode", "pk": 2, "fields": {"polymorphic_ctype": ["holon", "electricgridnode"], "owner_actor": 1, "capacity_kw": 5000.0, "parent": 1, "payload": 1, "wildcard_JSON": null}}, {"model": "holon.electricgridnode", "pk": 1, "fields": {"gridnode_ptr": 1, "type": "HSMS"}}, {"model": "holon.electricgridnode", "pk": 2, "fields": {"gridnode_ptr": 2, "type": "MSLS"}}, {"model": "holon.gridconnection", "pk": 1, "fields": {"polymorphic_ctype": ["holon", "buildinggridconnection"], "owner_actor": 4, "capacity_kw": 1250.0, "parent_electric": 2, "parent_heat": null, "charging_mode": "SIMPLE", "battery_mode": null, "electrolyser_mode": null, "payload": 1, "wildcard_JSON": null}}, {"model": "holon.gridconnection", "pk": 2, "fields": {"polymorphic_ctype": ["holon", "buildinggridconnection"], "owner_actor": 5, "capacity_kw": 1250.0, "parent_electric": 2, "parent_heat": null, "charging_mode": "SIMPLE", "battery_mode": null, "electrolyser_mode": null, "payload": 1, "wildcard_JSON": null}}, {"model": "holon.gridconnection", "pk": 3, "fields": {"polymorphic_ctype": ["holon", "industrygridconnection"], "owner_actor": 6, "capacity_kw": 3000.0, "parent_electric": 2, "parent_heat": null, "charging_mode": null, "battery_mode": null, "electrolyser_mode": null, "payload": 1, "wildcard_JSON": null}}, {"model": "holon.gridconnection", "pk": 4, "fields": {"polymorphic_ctype": ["holon", "productiongridconnection"], "owner_actor": 7, "capacity_kw": 5000.0, "parent_electric": 2, "parent_heat": null, "charging_mode": null, "battery_mode": null, "electrolyser_mode": null, "payload": 1, "wildcard_JSON": null}}, {"model": "holon.gridconnection", "pk": 5, "fields": {"polymorphic_ctype": ["holon", "productiongridconnection"], "owner_actor": 8, "capacity_kw": 10000.0, "parent_electric": 2, "parent_heat": null, "charging_mode": null, "battery_mode": "BALANCE", "electrolyser_mode": null, "payload": 1, "wildcard_JSON": null}}, {"model": "holon.builtenvironmentgridconnection", "pk": 1, "fields": {"gridconnection_ptr": 1, "insulation_label": -1, "heating_type": "NONE", "tempSetpointNight_degC": 16.0, "tempSetpointNight_start_hr": 20.0, "tempSetpointDay_degC": 20.0, "tempSetpointDay_start_hr": 8.0, "pricelevelLowDifFromAvg_eurpkWh": null, "pricelevelHighDifFromAvg_eurpkWh": null}}, {"model": "holon.builtenvironmentgridconnection", "pk": 2, "fields": {"gridconnection_ptr": 2, "insulation_label": -1, "heating_type": "NONE", "tempSetpointNight_degC": 16.0, "tempSetpointNight_start_hr": 20.0, "tempSetpointDay_degC": 20.0, "tempSetpointDay_start_hr": 8.0, "pricelevelLowDifFromAvg_eurpkWh": null, "pricelevelHighDifFromAvg_eurpkWh": null}}, {"model": "holon.utilitygridconnection", "pk": 3, "fields": {"gridconnection_ptr": 3, "heating_type": "GASBURNER"}}, {"model": "holon.buildinggridconnection", "pk": 1, "fields": {"builtenvironmentgridconnection_ptr": 1, "type": "LOGISTICS"}}, {"model": "holon.buildinggridconnection", "pk": 2, "fields": {"builtenvironmentgridconnection_ptr": 2, "type": "LOGISTICS"}}, {"model": "holon.productiongridconnection", "pk": 4, "fields": {"gridconnection_ptr": 4, "category": "WINDFARM"}}, {"model": "holon.productiongridconnection", "pk": 5, "fields": {"gridconnection_ptr": 5, "category": "GRIDBATTERY"}}, {"model": "holon.industrygridconnection", "pk": 3, "fields": {"utilitygridconnection_ptr": 3, "type": "INDUSTRY_OTHER"}}, {"model": "holon.energyasset", "pk": 4, "fields": {"polymorphic_ctype": ["holon", "heatconsumptionasset"], "gridconnection": 3, "gridnode": null, "name": "INDUSTRY_OTHER_HEAT_DEMAND", "wildcard_JSON": null}}, {"model": "holon.energyasset", "pk": 5, "fields": {"polymorphic_ctype": ["holon", "electricconsumptionasset"], "gridconnection": 3, "gridnode": null, "name": "Office_other_electricity", "wildcard_JSON": null}}, {"model": "holon.energyasset", "pk": 6, "fields": {"polymorphic_ctype": ["holon", "chemicalheatconversionasset"], "gridconnection": 3, "gridnode": null, "name": "Building_gas_burner", "wildcard_JSON": null}}, {"model": "holon.energyasset", "pk": 900, "fields": {"polymorphic_ctype": ["holon", "dieselvehicleasset"], "gridconnection": 1, "gridnode": null, "name": "Diesel_Truck", "wildcard_JSON": null}}, {"model": "holon.energyasset", "pk": 901, "fields": {"polymorphic_ctype": ["holon", "dieselvehicleasset"], "gridconnection": 1, "gridnode": null, "name": "Diesel_Truck", "wildcard_JSON": null}}, {"model": "holon.energyasset", "pk": 902, "fields": {"polymorphic_ctype": ["holon", "dieselvehicleasset"], "gridconnection": 1, "gridnode": null, "name": "Diesel_Truck", "wildcard_JSON": null}}, {"model": "holon.energyasset", "pk": 903, "fields": {"polymorphic_ctype": ["holon", "dieselvehicleasset"], "gridconnection": 1, "gridnode": null, "name": "Diesel_Truck", "wildcard_JSON": null}}, {"model": "holon.energyasset", "pk": 904, "fields": {"polymorphic_ctype": ["holon", "dieselvehicleasset"], "gridconnection": 1, "gridnode": null, "name": "Diesel_Truck", "wildcard_JSON": null}}, {"model": "holon.energyasset", "pk": 905, "fields": {"polymorphic_ctype": ["holon", "dieselvehicleasset"], "gridconnection": 1, "gridnode": null, "name": "Diesel_Truck", "wildcard_JSON": null}}, {"model": "holon.energyasset", "pk": 906, "fields": {"polymorphic_ctype": ["holon", "dieselvehicleasset"], "gridconnection": 1, "gridnode": null, "name": "Diesel_Truck", "wildcard_JSON": null}}, {"model": "holon.energyasset", "pk": 907, "fields": {"polymorphic_ctype": ["holon", "dieselvehicleasset"], "gridconnection": 1, "gridnode": null, "name": "Diesel_Truck", "wildcard_JSON": null}}, {"model": "holon.energyasset", "pk": 908, "fields": {"polymorphic_ctype": ["holon", "dieselvehicleasset"], "gridconnection": 1, "gridnode": null, "name": "Diesel_Truck", "wildcard_JSON": null}}, {"model": "holon.energyasset", "pk": 909, "fields": {"polymorphic_ctype": ["holon", "dieselvehicleasset"], "gridconnection": 1, "gridnode": null, "name": "Diesel_Truck", "wildcard_JSON": null}}, {"model": "holon.energyasset", "pk": 910, "fields": {"polymorphic_ctype": ["holon", "dieselvehicleasset"], "gridconnection": 1, "gridnode": null, "name": "Diesel_Truck", "wildcard_JSON": null}}, {"model": "holon.energyasset", "pk": 911, "fields": {"polymorphic_ctype": ["holon", "dieselvehicleasset"], "gridconnection": 1, "gridnode": null, "name": "Diesel_Truck", "wildcard_JSON": null}}, {"model": "holon.energyasset", "pk": 912, "fields": {"polymorphic_ctype": ["holon", "dieselvehicleasset"], "gridconnection": 1, "gridnode": null, "name": "Diesel_Truck", "wildcard_JSON": null}}, {"model": "holon.energyasset", "pk": 913, "fields": {"polymorphic_ctype": ["holon", "dieselvehicleasset"], "gridconnection": 1, "gridnode": null, "name": "Diesel_Truck", "wildcard_JSON": null}}, {"model": "holon.energyasset", "pk": 914, "fields": {"polymorphic_ctype": ["holon", "dieselvehicleasset"], "gridconnection": 1, "gridnode": null, "name": "Diesel_Truck", "wildcard_JSON": null}}, {"model": "holon.energyasset", "pk": 915, "fields": {"polymorphic_ctype": ["holon", "dieselvehicleasset"], "gridconnection": 1, "gridnode": null, "name": "Diesel_Truck", "wildcard_JSON": null}}, {"model": "holon.energyasset", "pk": 916, "fields": {"polymorphic_ctype": ["holon", "dieselvehicleasset"], "gridconnection": 1, "gridnode": null, "name": "Diesel_Truck", "wildcard_JSON": null}}, {"model": "holon.energyasset", "pk": 917, "fields": {"polymorphic_ctype": ["holon", "dieselvehicleasset"], "gridconnection": 1, "gridnode": null, "name": "Diesel_Truck", "wildcard_JSON": null}}, {"model": "holon.energyasset", "pk": 918, "fields": {"polymorphic_ctype": ["holon", "dieselvehicleasset"], "gridconnection": 1, "gridnode": null, "name": "Diesel_Truck", "wildcard_JSON": null}}, {"model": "holon.energyasset", "pk": 919, "fields": {"polymorphic_ctype": ["holon", "dieselvehicleasset"], "gridconnection": 1, "gridnode": null, "name": "Diesel_Truck", "wildcard_JSON": null}}, {"model": "holon.energyasset", "pk": 1000, "fields": {"polymorphic_ctype": ["holon", "dieselvehicleasset"], "gridconnection": 2, "gridnode": null, "name": "Diesel_Truck", "wildcard_JSON": null}}, {"model": "holon.energyasset", "pk": 1001, "fields": {"polymorphic_ctype": ["holon", "dieselvehicleasset"], "gridconnection": 2, "gridnode": null, "name": "Diesel_Truck", "wildcard_JSON": null}}, {"model": "holon.energyasset", "pk": 1002, "fields": {"polymorphic_ctype": ["holon", "dieselvehicleasset"], "gridconnection": 2, "gridnode": null, "name": "Diesel_Truck", "wildcard_JSON": null}}, {"model": "holon.energyasset", "pk": 1003, "fields": {"polymorphic_ctype": ["holon", "dieselvehicleasset"], "gridconnection": 2, "gridnode": null, "name": "Diesel_Truck", "wildcard_JSON": null}}, {"model": "holon.energyasset", "pk": 1004, "fields": {"polymorphic_ctype": ["holon", "dieselvehicleasset"], "gridconnection": 2, "gridnode": null, "name": "Diesel_Truck", "wildcard_JSON": null}}, {"model": "holon.energyasset", "pk": 1005, "fields": {"polymorphic_ctype": ["holon", "dieselvehicleasset"], "gridconnection": 2, "gridnode": null, "name": "Diesel_Truck", "wildcard_JSON": null}}, {"model": "holon.energyasset", "pk": 1006, "fields": {"polymorphic_ctype": ["holon", "dieselvehicleasset"], "gridconnection": 2, "gridnode": null, "name": "Diesel_Truck", "wildcard_JSON": null}}, {"model": "holon.energyasset", "pk": 1007, "fields": {"polymorphic_ctype": ["holon", "dieselvehicleasset"], "gridconnection": 2, "gridnode": null, "name": "Diesel_Truck", "wildcard_JSON": null}}, {"model": "holon.energyasset", "pk": 1008, "fields": {"polymorphic_ctype": ["holon", "dieselvehicleasset"], "gridconnection": 2, "gridnode": null, "name": "Diesel_Truck", "wildcard_JSON": null}}, {"model": "holon.energyasset", "pk": 1009, "fields": {"polymorphic_ctype": ["holon", "dieselvehicleasset"], "gridconnection": 2, "gridnode": null, "name": "Diesel_Truck", "wildcard_JSON": null}}, {"model": "holon.energyasset", "pk": 1010, "fields": {"polymorphic_ctype": ["holon", "dieselvehicleasset"], "gridconnection": 2, "gridnode": null, "name": "Diesel_Truck", "wildcard_JSON": null}}, {"model": "holon.energyasset", "pk": 1011, "fields": {"polymorphic_ctype": ["holon", "dieselvehicleasset"], "gridconnection": 2, "gridnode": null, "name": "Diesel_Truck", "wildcard_JSON": null}}, {"model": "holon.energyasset", "pk": 1012, "fields": {"polymorphic_ctype": ["holon", "dieselvehicleasset"], "gridconnection": 2, "gridnode": null, "name": "Diesel_Truck", "wildcard_JSON": null}}, {"model": "holon.energyasset", "pk": 1013, "fields": {"polymorphic_ctype": ["holon", "dieselvehicleasset"], "gridconnection": 2, "gridnode": null, "name": "Diesel_Truck", "wildcard_JSON": null}}, {"model": "holon.energyasset", "pk": 1014, "fields": {"polymorphic_ctype": ["holon", "dieselvehicleasset"], "gridconnection": 2, "gridnode": null, "name": "Diesel_Truck", "wildcard_JSON": null}}, {"model": "holon.energyasset", "pk": 1015, "fields": {"polymorphic_ctype": ["holon", "dieselvehicleasset"], "gridconnection": 2, "gridnode": null, "name": "Diesel_Truck", "wildcard_JSON": null}}, {"model": "holon.energyasset", "pk": 1016, "fields": {"polymorphic_ctype": ["holon", "dieselvehicleasset"], "gridconnection": 2, "gridnode": null, "name": "Diesel_Truck", "wildcard_JSON": null}}, {"model": "holon.energyasset", "pk": 1017, "fields": {"polymorphic_ctype": ["holon", "dieselvehicleasset"], "gridconnection": 2, "gridnode": null, "name": "Diesel_Truck", "wildcard_JSON": null}}, {"model": "holon.energyasset", "pk": 1018, "fields": {"polymorphic_ctype": ["holon", "dieselvehicleasset"], "gridconnection": 2, "gridnode": null, "name": "Diesel_Truck", "wildcard_JSON": null}}, {"model": "holon.energyasset", "pk": 1019, "fields": {"polymorphic_ctype": ["holon", "dieselvehicleasset"], "gridconnection": 2, "gridnode": null, "name": "Diesel_Truck", "wildcard_JSON": null}}, {"model": "holon.consumptionasset", "pk": 4, "fields": {"energyasset_ptr": 4, "type": "HEAT_DEMAND"}}, {"model": "holon.consumptionasset", "pk": 5, "fields": {"energyasset_ptr": 5, "type": "ELECTRICITY_DEMAND"}}, {"model": "holon.consumptionasset", "pk": 900, "fields": {"energyasset_ptr": 900, "type": "DIESEL_VEHICLE"}}, {"model": "holon.consumptionasset", "pk": 901, "fields": {"energyasset_ptr": 901, "type": "DIESEL_VEHICLE"}}, {"model": "holon.consumptionasset", "pk": 902, "fields": {"energyasset_ptr": 902, "type": "DIESEL_VEHICLE"}}, {"model": "holon.consumptionasset", "pk": 903, "fields": {"energyasset_ptr": 903, "type": "DIESEL_VEHICLE"}}, {"model": "holon.consumptionasset", "pk": 904, "fields": {"energyasset_ptr": 904, "type": "DIESEL_VEHICLE"}}, {"model": "holon.consumptionasset", "pk": 905, "fields": {"energyasset_ptr": 905, "type": "DIESEL_VEHICLE"}}, {"model": "holon.consumptionasset", "pk": 906, "fields": {"energyasset_ptr": 906, "type": "DIESEL_VEHICLE"}}, {"model": "holon.consumptionasset", "pk": 907, "fields": {"energyasset_ptr": 907, "type": "DIESEL_VEHICLE"}}, {"model": "holon.consumptionasset", "pk": 908, "fields": {"energyasset_ptr": 908, "type": "DIESEL_VEHICLE"}}, {"model": "holon.consumptionasset", "pk": 909, "fields": {"energyasset_ptr": 909, "type": "DIESEL_VEHICLE"}}, {"model": "holon.consumptionasset", "pk": 910, "fields": {"energyasset_ptr": 910, "type": "DIESEL_VEHICLE"}}, {"model": "holon.consumptionasset", "pk": 911, "fields": {"energyasset_ptr": 911, "type": "DIESEL_VEHICLE"}}, {"model": "holon.consumptionasset", "pk": 912, "fields": {"energyasset_ptr": 912, "type": "DIESEL_VEHICLE"}}, {"model": "holon.consumptionasset", "pk": 913, "fields": {"energyasset_ptr": 913, "type": "DIESEL_VEHICLE"}}, {"model": "holon.consumptionasset", "pk": 914, "fields": {"energyasset_ptr": 914, "type": "DIESEL_VEHICLE"}}, {"model": "holon.consumptionasset", "pk": 915, "fields": {"energyasset_ptr": 915, "type": "DIESEL_VEHICLE"}}, {"model": "holon.consumptionasset", "pk": 916, "fields": {"energyasset_ptr": 916, "type": "DIESEL_VEHICLE"}}, {"model": "holon.consumptionasset", "pk": 917, "fields": {"energyasset_ptr": 917, "type": "DIESEL_VEHICLE"}}, {"model": "holon.consumptionasset", "pk": 918, "fields": {"energyasset_ptr": 918, "type": "DIESEL_VEHICLE"}}, {"model": "holon.consumptionasset", "pk": 919, "fields": {"energyasset_ptr": 919, "type": "DIESEL_VEHICLE"}}, {"model": "holon.consumptionasset", "pk": 1000, "fields": {"energyasset_ptr": 1000, "type": "DIESEL_VEHICLE"}}, {"model": "holon.consumptionasset", "pk": 1001, "fields": {"energyasset_ptr": 1001, "type": "DIESEL_VEHICLE"}}, {"model": "holon.consumptionasset", "pk": 1002, "fields": {"energyasset_ptr": 1002, "type": "DIESEL_VEHICLE"}}, {"model": "holon.consumptionasset", "pk": 1003, "fields": {"energyasset_ptr": 1003, "type": "DIESEL_VEHICLE"}}, {"model": "holon.consumptionasset", "pk": 1004, "fields": {"energyasset_ptr": 1004, "type": "DIESEL_VEHICLE"}}, {"model": "holon.consumptionasset", "pk": 1005, "fields": {"energyasset_ptr": 1005, "type": "DIESEL_VEHICLE"}}, {"model": "holon.consumptionasset", "pk": 1006, "fields": {"energyasset_ptr": 1006, "type": "DIESEL_VEHICLE"}}, {"model": "holon.consumptionasset", "pk": 1007, "fields": {"energyasset_ptr": 1007, "type": "DIESEL_VEHICLE"}}, {"model": "holon.consumptionasset", "pk": 1008, "fields": {"energyasset_ptr": 1008, "type": "DIESEL_VEHICLE"}}, {"model": "holon.consumptionasset", "pk": 1009, "fields": {"energyasset_ptr": 1009, "type": "DIESEL_VEHICLE"}}, {"model": "holon.consumptionasset", "pk": 1010, "fields": {"energyasset_ptr": 1010, "type": "DIESEL_VEHICLE"}}, {"model": "holon.consumptionasset", "pk": 1011, "fields": {"energyasset_ptr": 1011, "type": "DIESEL_VEHICLE"}}, {"model": "holon.consumptionasset", "pk": 1012, "fields": {"energyasset_ptr": 1012, "type": "DIESEL_VEHICLE"}}, {"model": "holon.consumptionasset", "pk": 1013, "fields": {"energyasset_ptr": 1013, "type": "DIESEL_VEHICLE"}}, {"model": "holon.consumptionasset", "pk": 1014, "fields": {"energyasset_ptr": 1014, "type": "DIESEL_VEHICLE"}}, {"model": "holon.consumptionasset", "pk": 1015, "fields": {"energyasset_ptr": 1015, "type": "DIESEL_VEHICLE"}}, {"model": "holon.consumptionasset", "pk": 1016, "fields": {"energyasset_ptr": 1016, "type": "DIESEL_VEHICLE"}}, {"model": "holon.consumptionasset", "pk": 1017, "fields": {"energyasset_ptr": 1017, "type": "DIESEL_VEHICLE"}}, {"model": "holon.consumptionasset", "pk": 1018, "fields": {"energyasset_ptr": 1018, "type": "DIESEL_VEHICLE"}}, {"model": "holon.consumptionasset", "pk": 1019, "fields": {"energyasset_ptr": 1019, "type": "DIESEL_VEHICLE"}}, {"model": "holon.dieselvehicleasset", "pk": 900, "fields": {"consumptionasset_ptr": 900, "energyConsumption_kWhpkm": 3.0, "vehicleScaling": 5}}, {"model": "holon.dieselvehicleasset", "pk": 901, "fields": {"consumptionasset_ptr": 901, "energyConsumption_kWhpkm": 3.0, "vehicleScaling": 5}}, {"model": "holon.dieselvehicleasset", "pk": 902, "fields": {"consumptionasset_ptr": 902, "energyConsumption_kWhpkm": 3.0, "vehicleScaling": 5}}, {"model": "holon.dieselvehicleasset", "pk": 903, "fields": {"consumptionasset_ptr": 903, "energyConsumption_kWhpkm": 3.0, "vehicleScaling": 5}}, {"model": "holon.dieselvehicleasset", "pk": 904, "fields": {"consumptionasset_ptr": 904, "energyConsumption_kWhpkm": 3.0, "vehicleScaling": 5}}, {"model": "holon.dieselvehicleasset", "pk": 905, "fields": {"consumptionasset_ptr": 905, "energyConsumption_kWhpkm": 3.0, "vehicleScaling": 5}}, {"model": "holon.dieselvehicleasset", "pk": 906, "fields": {"consumptionasset_ptr": 906, "energyConsumption_kWhpkm": 3.0, "vehicleScaling": 5}}, {"model": "holon.dieselvehicleasset", "pk": 907, "fields": {"consumptionasset_ptr": 907, "energyConsumption_kWhpkm": 3.0, "vehicleScaling": 5}}, {"model": "holon.dieselvehicleasset", "pk": 908, "fields": {"consumptionasset_ptr": 908, "energyConsumption_kWhpkm": 3.0, "vehicleScaling": 5}}, {"model": "holon.dieselvehicleasset", "pk": 909, "fields": {"consumptionasset_ptr": 909, "energyConsumption_kWhpkm": 3.0, "vehicleScaling": 5}}, {"model": "holon.dieselvehicleasset", "pk": 910, "fields": {"consumptionasset_ptr": 910, "energyConsumption_kWhpkm": 3.0, "vehicleScaling": 5}}, {"model": "holon.dieselvehicleasset", "pk": 911, "fields": {"consumptionasset_ptr": 911, "energyConsumption_kWhpkm": 3.0, "vehicleScaling": 5}}, {"model": "holon.dieselvehicleasset", "pk": 912, "fields": {"consumptionasset_ptr": 912, "energyConsumption_kWhpkm": 3.0, "vehicleScaling": 5}}, {"model": "holon.dieselvehicleasset", "pk": 913, "fields": {"consumptionasset_ptr": 913, "energyConsumption_kWhpkm": 3.0, "vehicleScaling": 5}}, {"model": "holon.dieselvehicleasset", "pk": 914, "fields": {"consumptionasset_ptr": 914, "energyConsumption_kWhpkm": 3.0, "vehicleScaling": 5}}, {"model": "holon.dieselvehicleasset", "pk": 915, "fields": {"consumptionasset_ptr": 915, "energyConsumption_kWhpkm": 3.0, "vehicleScaling": 5}}, {"model": "holon.dieselvehicleasset", "pk": 916, "fields": {"consumptionasset_ptr": 916, "energyConsumption_kWhpkm": 3.0, "vehicleScaling": 5}}, {"model": "holon.dieselvehicleasset", "pk": 917, "fields": {"consumptionasset_ptr": 917, "energyConsumption_kWhpkm": 3.0, "vehicleScaling": 5}}, {"model": "holon.dieselvehicleasset", "pk": 918, "fields": {"consumptionasset_ptr": 918, "energyConsumption_kWhpkm": 3.0, "vehicleScaling": 5}}, {"model": "holon.dieselvehicleasset", "pk": 919, "fields": {"consumptionasset_ptr": 919, "energyConsumption_kWhpkm": 3.0, "vehicleScaling": 5}}, {"model": "holon.dieselvehicleasset", "pk": 1000, "fields": {"consumptionasset_ptr": 1000, "energyConsumption_kWhpkm": 3.0, "vehicleScaling": 5}}, {"model": "holon.dieselvehicleasset", "pk": 1001, "fields": {"consumptionasset_ptr": 1001, "energyConsumption_kWhpkm": 3.0, "vehicleScaling": 5}}, {"model": "holon.dieselvehicleasset", "pk": 1002, "fields": {"consumptionasset_ptr": 1002, "energyConsumption_kWhpkm": 3.0, "vehicleScaling": 5}}, {"model": "holon.dieselvehicleasset", "pk": 1003, "fields": {"consumptionasset_ptr": 1003, "energyConsumption_kWhpkm": 3.0, "vehicleScaling": 5}}, {"model": "holon.dieselvehicleasset", "pk": 1004, "fields": {"consumptionasset_ptr": 1004, "energyConsumption_kWhpkm": 3.0, "vehicleScaling": 5}}, {"model": "holon.dieselvehicleasset", "pk": 1005, "fields": {"consumptionasset_ptr": 1005, "energyConsumption_kWhpkm": 3.0, "vehicleScaling": 5}}, {"model": "holon.dieselvehicleasset", "pk": 1006, "fields": {"consumptionasset_ptr": 1006, "energyConsumption_kWhpkm": 3.0, "vehicleScaling": 5}}, {"model": "holon.dieselvehicleasset", "pk": 1007, "fields": {"consumptionasset_ptr": 1007, "energyConsumption_kWhpkm": 3.0, "vehicleScaling": 5}}, {"model": "holon.dieselvehicleasset", "pk": 1008, "fields": {"consumptionasset_ptr": 1008, "energyConsumption_kWhpkm": 3.0, "vehicleScaling": 5}}, {"model": "holon.dieselvehicleasset", "pk": 1009, "fields": {"consumptionasset_ptr": 1009, "energyConsumption_kWhpkm": 3.0, "vehicleScaling": 5}}, {"model": "holon.dieselvehicleasset", "pk": 1010, "fields": {"consumptionasset_ptr": 1010, "energyConsumption_kWhpkm": 3.0, "vehicleScaling": 5}}, {"model": "holon.dieselvehicleasset", "pk": 1011, "fields": {"consumptionasset_ptr": 1011, "energyConsumption_kWhpkm": 3.0, "vehicleScaling": 5}}, {"model": "holon.dieselvehicleasset", "pk": 1012, "fields": {"consumptionasset_ptr": 1012, "energyConsumption_kWhpkm": 3.0, "vehicleScaling": 5}}, {"model": "holon.dieselvehicleasset", "pk": 1013, "fields": {"consumptionasset_ptr": 1013, "energyConsumption_kWhpkm": 3.0, "vehicleScaling": 5}}, {"model": "holon.dieselvehicleasset", "pk": 1014, "fields": {"consumptionasset_ptr": 1014, "energyConsumption_kWhpkm": 3.0, "vehicleScaling": 5}}, {"model": "holon.dieselvehicleasset", "pk": 1015, "fields": {"consumptionasset_ptr": 1015, "energyConsumption_kWhpkm": 3.0, "vehicleScaling": 5}}, {"model": "holon.dieselvehicleasset", "pk": 1016, "fields": {"consumptionasset_ptr": 1016, "energyConsumption_kWhpkm": 3.0, "vehicleScaling": 5}}, {"model": "holon.dieselvehicleasset", "pk": 1017, "fields": {"consumptionasset_ptr": 1017, "energyConsumption_kWhpkm": 3.0, "vehicleScaling": 5}}, {"model": "holon.dieselvehicleasset", "pk": 1018, "fields": {"consumptionasset_ptr": 1018, "energyConsumption_kWhpkm": 3.0, "vehicleScaling": 5}}, {"model": "holon.dieselvehicleasset", "pk": 1019, "fields": {"consumptionasset_ptr": 1019, "energyConsumption_kWhpkm": 3.0, "vehicleScaling": 5}}, {"model": "holon.heatconsumptionasset", "pk": 4, "fields": {"consumptionasset_ptr": 4, "yearlyDemandHeat_kWh": 6000000.0}}, {"model": "holon.electricconsumptionasset", "pk": 5, "fields": {"consumptionasset_ptr": 5, "yearlyDemandElectricity_kWh": 10000000.0}}, {"model": "holon.conversionasset", "pk": 6, "fields": {"energyasset_ptr": 6, "type": "GAS_BURNER", "eta_r": 0.95}}, {"model": "holon.heatconversionasset", "pk": 6, "fields": {"conversionasset_ptr": 6, "deliveryTemp_degC": 100.0}}, {"model": "holon.chemicalheatconversionasset", "pk": 6, "fields": {"heatconversionasset_ptr": 6, "capacityHeat_kW": 1000.0}}, {"model": "holon.contract", "pk": 1, "fields": {"polymorphic_ctype": ["holon", "deliverycontract"], "contractType": "DELIVERY", "contractScope": 3, "energyCarrier": "ELECTRICITY", "actor": 4, "annualFee_eur": 100.0, "wildcard_JSON": null}}, {"model": "holon.contract", "pk": 2, "fields": {"polymorphic_ctype": ["holon", "deliverycontract"], "contractType": "DELIVERY", "contractScope": 3, "energyCarrier": "ELECTRICITY", "actor": 5, "annualFee_eur": 100.0, "wildcard_JSON": null}}, {"model": "holon.contract", "pk": 3, "fields": {"polymorphic_ctype": ["holon", "deliverycontract"], "contractType": "DELIVERY", "contractScope": 3, "energyCarrier": "ELECTRICITY", "actor": 6, "annualFee_eur": 100.0, "wildcard_JSON": null}}, {"model": "holon.contract", "pk": 4, "fields": {"polymorphic_ctype": ["holon", "connectioncontract"], "contractType": "CONNECTION", "contractScope": 1, "energyCarrier": "ELECTRICITY", "actor": 4, "annualFee_eur": 100.0, "wildcard_JSON": null}}, {"model": "holon.contract", "pk": 5, "fields": {"polymorphic_ctype": ["holon", "connectioncontract"], "contractType": "CONNECTION", "contractScope": 1, "energyCarrier": "ELECTRICITY", "actor": 5, "annualFee_eur": 100.0, "wildcard_JSON": null}}, {"model": "holon.contract", "pk": 6, "fields": {"polymorphic_ctype": ["holon", "connectioncontract"], "contractType": "CONNECTION", "contractScope": 1, "energyCarrier": "ELECTRICITY", "actor": 6, "annualFee_eur": 100.0, "wildcard_JSON": null}}, {"model": "holon.contract", "pk": 7, "fields": {"polymorphic_ctype": ["holon", "connectioncontract"], "contractType": "CONNECTION", "contractScope": 1, "energyCarrier": "ELECTRICITY", "actor": 7, "annualFee_eur": 100.0, "wildcard_JSON": null}}, {"model": "holon.contract", "pk": 8, "fields": {"polymorphic_ctype": ["holon", "connectioncontract"], "contractType": "CONNECTION", "contractScope": 1, "energyCarrier": "ELECTRICITY", "actor": 8, "annualFee_eur": 100.0, "wildcard_JSON": null}}, {"model": "holon.contract", "pk": 9, "fields": {"polymorphic_ctype": ["holon", "deliverycontract"], "contractType": "DELIVERY", "contractScope": 3, "energyCarrier": "ELECTRICITY", "actor": 7, "annualFee_eur": 100.0, "wildcard_JSON": null}}, {"model": "holon.contract", "pk": 10, "fields": {"polymorphic_ctype": ["holon", "deliverycontract"], "contractType": "DELIVERY", "contractScope": 3, "energyCarrier": "ELECTRICITY", "actor": 8, "annualFee_eur": 100.0, "wildcard_JSON": null}}, {"model": "holon.contract", "pk": 11, "fields": {"polymorphic_ctype": ["holon", "taxcontract"], "contractType": "TAX", "contractScope": 9, "energyCarrier": "ELECTRICITY", "actor": 4, "annualFee_eur": 0.0, "wildcard_JSON": null}}, {"model": "holon.contract", "pk": 12, "fields": {"polymorphic_ctype": ["holon", "taxcontract"], "contractType": "TAX", "contractScope": 9, "energyCarrier": "ELECTRICITY", "actor": 5, "annualFee_eur": 0.0, "wildcard_JSON": null}}, {"model": "holon.contract", "pk": 13, "fields": {"polymorphic_ctype": ["holon", "taxcontract"], "contractType": "TAX", "contractScope": 9, "energyCarrier": "ELECTRICITY", "actor": 6, "annualFee_eur": 0.0, "wildcard_JSON": null}}, {"model": "holon.contract", "pk": 14, "fields": {"polymorphic_ctype": ["holon", "taxcontract"], "contractType": "TAX", "contractScope": 9, "energyCarrier": "ELECTRICITY", "actor": 7, "annualFee_eur": 0.0, "wildcard_JSON": null}}, {"model": "holon.contract", "pk": 15, "fields": {"polymorphic_ctype": ["holon", "taxcontract"], "contractType": "TAX", "contractScope": 9, "energyCarrier": "ELECTRICITY", "actor": 8, "annualFee_eur": 0.0, "wildcard_JSON": null}}, {"model": "holon.contract", "pk": 16, "fields": {"polymorphic_ctype": ["holon", "transportcontract"], "contractType": "TRANSPORT", "contractScope": 1, "energyCarrier": "ELECTRICITY", "actor": 4, "annualFee_eur": 0.0, "wildcard_JSON": null}}, {"model": "holon.contract", "pk": 17, "fields": {"polymorphic_ctype": ["holon", "transportcontract"], "contractType": "TRANSPORT", "contractScope": 1, "energyCarrier": "ELECTRICITY", "actor": 5, "annualFee_eur": 0.0, "wildcard_JSON": null}}, {"model": "holon.contract", "pk": 18, "fields": {"polymorphic_ctype": ["holon", "transportcontract"], "contractType": "TRANSPORT", "contractScope": 1, "energyCarrier": "ELECTRICITY", "actor": 6, "annualFee_eur": 0.0, "wildcard_JSON": null}}, {"model": "holon.contract", "pk": 19, "fields": {"polymorphic_ctype": ["holon", "transportcontract"], "contractType": "TRANSPORT", "contractScope": 1, "energyCarrier": "ELECTRICITY", "actor": 7, "annualFee_eur": 0.0, "wildcard_JSON": null}}, {"model": "holon.contract", "pk": 20, "fields": {"polymorphic_ctype": ["holon", "transportcontract"], "contractType": "TRANSPORT", "contractScope": 1, "energyCarrier": "ELECTRICITY", "actor": 8, "annualFee_eur": 0.0, "wildcard_JSON": null}}, {"model": "holon.contract", "pk": 21, "fields": {"polymorphic_ctype": ["holon", "deliverycontract"], "contractType": "DELIVERY", "contractScope": 3, "energyCarrier": "ELECTRICITY", "actor": 2, "annualFee_eur": 0.0, "wildcard_JSON": null}}, {"model": "holon.contract", "pk": 22, "fields": {"polymorphic_ctype": ["holon", "transportcontract"], "contractType": "TRANSPORT", "contractScope": 1, "energyCarrier": "ELECTRICITY", "actor": 2, "annualFee_eur": 0.0, "wildcard_JSON": null}}, {"model": "holon.contract", "pk": 23, "fields": {"polymorphic_ctype": ["holon", "taxcontract"], "contractType": "TAX", "contractScope": 9, "energyCarrier": "ELECTRICITY", "actor": 2, "annualFee_eur": 0.0, "wildcard_JSON": null}}, {"model": "holon.deliverycontract", "pk": 1, "fields": {"contract_ptr": 1, "deliveryContractType": "ELECTRICITY_VARIABLE", "deliveryPrice_eurpkWh": 0.0, "feedinPrice_eurpkWh": 0.0}}, {"model": "holon.deliverycontract", "pk": 2, "fields": {"contract_ptr": 2, "deliveryContractType": "ELECTRICITY_VARIABLE", "deliveryPrice_eurpkWh": 0.0, "feedinPrice_eurpkWh": 0.0}}, {"model": "holon.deliverycontract", "pk": 3, "fields": {"contract_ptr": 3, "deliveryContractType": "ELECTRICITY_VARIABLE", "deliveryPrice_eurpkWh": 0.0, "feedinPrice_eurpkWh": 0.0}}, {"model": "holon.deliverycontract", "pk": 9, "fields": {"contract_ptr": 9, "deliveryContractType": "ELECTRICITY_VARIABLE", "deliveryPrice_eurpkWh": 0.0, "feedinPrice_eurpkWh": 0.0}}, {"model": "holon.deliverycontract", "pk": 10, "fields": {"contract_ptr": 10, "deliveryContractType": "ELECTRICITY_VARIABLE", "deliveryPrice_eurpkWh": 0.0, "feedinPrice_eurpkWh": 0.0}}, {"model": "holon.deliverycontract", "pk": 21, "fields": {"contract_ptr": 21, "deliveryContractType": "ELECTRICITY_VARIABLE", "deliveryPrice_eurpkWh": 0.0, "feedinPrice_eurpkWh": 0.0}}, {"model": "holon.connectioncontract", "pk": 4, "fields": {"contract_ptr": 4, "connectionContractType": "DEFAULT", "nfATO_capacity_kW": 2000.0, "nfATO_starttime_h": 20.0, "nfATO_endtime_h": 7.0}}, {"model": "holon.connectioncontract", "pk": 5, "fields": {"contract_ptr": 5, "connectionContractType": "DEFAULT", "nfATO_capacity_kW": 2000.0, "nfATO_starttime_h": 20.0, "nfATO_endtime_h": 7.0}}, {"model": "holon.connectioncontract", "pk": 6, "fields": {"contract_ptr": 6, "connectionContractType": "DEFAULT", "nfATO_capacity_kW": 0.0, "nfATO_starttime_h": 0.0, "nfATO_endtime_h": 0.0}}, {"model": "holon.connectioncontract", "pk": 7, "fields": {"contract_ptr": 7, "connectionContractType": "DEFAULT", "nfATO_capacity_kW": 0.0, "nfATO_starttime_h": 0.0, "nfATO_endtime_h": 0.0}}, {"model": "holon.connectioncontract", "pk": 8, "fields": {"contract_ptr": 8, "connectionContractType": "DEFAULT", "nfATO_capacity_kW": 0.0, "nfATO_starttime_h": 0.0, "nfATO_endtime_h": 0.0}}, {"model": "holon.taxcontract", "pk": 11, "fields": {"contract_ptr": 11, "taxContractType": "SALDEREN", "taxDelivery_eurpkWh": 0.15, "taxFeedin_eurpkWh": 0.15, "proportionalTax_pct": 0.21}}, {"model": "holon.taxcontract", "pk": 12, "fields": {"contract_ptr": 12, "taxContractType": "SALDEREN", "taxDelivery_eurpkWh": 0.15, "taxFeedin_eurpkWh": 0.15, "proportionalTax_pct": 0.21}}, {"model": "holon.taxcontract", "pk": 13, "fields": {"contract_ptr": 13, "taxContractType": "SALDEREN", "taxDelivery_eurpkWh": 0.15, "taxFeedin_eurpkWh": 0.15, "proportionalTax_pct": 0.21}}, {"model": "holon.taxcontract", "pk": 14, "fields": {"contract_ptr": 14, "taxContractType": "SALDEREN", "taxDelivery_eurpkWh": 0.15, "taxFeedin_eurpkWh": 0.15, "proportionalTax_pct": 0.21}}, {"model": "holon.taxcontract", "pk": 15, "fields": {"contract_ptr": 15, "taxContractType": "SALDEREN", "taxDelivery_eurpkWh": 0.15, "taxFeedin_eurpkWh": 0.15, "proportionalTax_pct": 0.21}}, {"model": "holon.taxcontract", "pk": 23, "fields": {"contract_ptr": 23, "taxContractType": "SALDEREN", "taxDelivery_eurpkWh": 0.15, "taxFeedin_eurpkWh": 0.15, "proportionalTax_pct": 0.21}}, {"model": "holon.transportcontract", "pk": 16, "fields": {"contract_ptr": 16, "transportContractType": "DEFAULT", "bandwidthTreshold_kW": 0.0, "bandwidthTariff_eurpkWh": 0.0}}, {"model": "holon.transportcontract", "pk": 17, "fields": {"contract_ptr": 17, "transportContractType": "DEFAULT", "bandwidthTreshold_kW": 0.0, "bandwidthTariff_eurpkWh": 0.0}}, {"model": "holon.transportcontract", "pk": 18, "fields": {"contract_ptr": 18, "transportContractType": "DEFAULT", "bandwidthTreshold_kW": 0.0, "bandwidthTariff_eurpkWh": 0.0}}, {"model": "holon.transportcontract", "pk": 19, "fields": {"contract_ptr": 19, "transportContractType": "DEFAULT", "bandwidthTreshold_kW": 0.0, "bandwidthTariff_eurpkWh": 0.0}}, {"model": "holon.transportcontract", "pk": 20, "fields": {"contract_ptr": 20, "transportContractType": "DEFAULT", "bandwidthTreshold_kW": 0.0, "bandwidthTariff_eurpkWh": 0.0}}, {"model": "holon.transportcontract", "pk": 22, "fields": {"contract_ptr": 22, "transportContractType": "DEFAULT", "bandwidthTreshold_kW": 0.0, "bandwidthTariff_eurpkWh": 0.0}}, {"model": "holon.anylogiccloudconfig", "pk": 1, "fields": {"api_key": "7a3563c1-ea1c-41d6-8009-b7abfd93f7ba", "url": "https://engine.holontool.nl", "model_name": "15mrt_branch_ehobs", "model_version_number": 1, "scenario": 1, "owner_email": ""}}, {"model": "holon.anylogiccloudinput", "pk": 1, "fields": {"anylogic_key": "P import local config jsons", "anylogic_value": false, "anylogic_model_configuration": 1}}, {"model": "holon.anylogiccloudoutput", "pk": 1, "fields": {"anylogic_key": "O output actorData", "internal_key": "actors", "anylogic_model_configuration": 1}}, {"model": "holon.anylogiccloudoutput", "pk": 2, "fields": {"anylogic_key": "O simulation results", "internal_key": "simulation_results", "anylogic_model_configuration": 1}}, {"model": "holon.anylogiccloudoutput", "pk": 3, "fields": {"anylogic_key": "O hourly curves data", "internal_key": "curves", "anylogic_model_configuration": 1}}, {"model": "holon.queryandconvertconfig", "pk": 1, "fields": {"scenario": 1, "module": "upscaling", "name": "National upscaling", "api_url": "https://beta-engine.energytransitionmodel.com/api/v3/scenarios/", "etm_scenario_id": 2171095}}, {"model": "holon.queryandconvertconfig", "pk": 2, "fields": {"scenario": 1, "module": "cost", "name": "Cost module", "api_url": "https://beta-engine.energytransitionmodel.com/api/v3/scenarios/", "etm_scenario_id": 2175158}}, {"model": "holon.queryandconvertconfig", "pk": 3, "fields": {"scenario": 1, "module": "upscaling", "name": "", "api_url": "https://beta-engine.energytransitionmodel.com/api/v3/scenarios/", "etm_scenario_id": 84651}}, {"model": "holon.queryandconvertconfig", "pk": 4, "fields": {"scenario": 1, "module": "upscaling", "name": "", "api_url": "https://beta-engine.energytransitionmodel.com/api/v3/scenarios/", "etm_scenario_id": 987511684}}, {"model": "holon.keyvaluepaircollection", "pk": 1, "fields": {"related_config": 1}}, {"model": "holon.floatkeyvaluepair", "pk": 1, "fields": {"related_key_value_collection": 1, "key": "factor_of_holon_to_national_households", "value": 50.0}}, {"model": "holon.floatkeyvaluepair", "pk": 2, "fields": {"related_key_value_collection": 1, "key": "share_of_national_terraced_houses_in_national_total_houses", "value": 0.301}}, {"model": "holon.floatkeyvaluepair", "pk": 3, "fields": {"related_key_value_collection": 1, "key": "share_of_national_households_cars_in_national_total_cars", "value": 0.6}}, {"model": "holon.etmquery", "pk": 1, "fields": {"internal_key": "share_of_electric_trucks_shadow", "endpoint": "input", "data_type": "value", "etm_key": "share_of_electric_trucks", "related_config": 1, "related_interactive_element": null, "interactive_upscaling_comment": "Elektrische trucks worden opgeschaald op basis van het aandeel van woonwijken in het geheel. Dit komt neer op {{final_value}}."}}, {"model": "holon.etmquery", "pk": 2, "fields": {"internal_key": "price_natural_gas", "endpoint": "query", "data_type": "value", "etm_key": "price_of_natural_gas_per_mwh", "related_config": 2, "related_interactive_element": null, "interactive_upscaling_comment": null}}, {"model": "holon.etmquery", "pk": 3, "fields": {"internal_key": "price_diesel", "endpoint": "query", "data_type": "value", "etm_key": "price_of_diesel_per_mwh", "related_config": 2, "related_interactive_element": null, "interactive_upscaling_comment": null}}, {"model": "holon.etmquery", "pk": 4, "fields": {"internal_key": "price_hydrogen", "endpoint": "query", "data_type": "value", "etm_key": "price_of_hydrogen_per_mwh", "related_config": 2, "related_interactive_element": null, "interactive_upscaling_comment": null}}, {"model": "holon.etmquery", "pk": 5, "fields": {"internal_key": "hourly_electricity_price", "endpoint": "query", "data_type": "curve", "etm_key": "hourly_price_of_electricity_per_mwh", "related_config": 2, "related_interactive_element": null, "interactive_upscaling_comment": null}}, {"model": "holon.etmquery", "pk": 6, "fields": {"internal_key": "depreciation_costs", "endpoint": "query", "data_type": "value", "etm_key": "depreciation_costs_grid_battery_per_mwh", "related_config": 2, "related_interactive_element": null, "interactive_upscaling_comment": null}}, {"model": "holon.etmquery", "pk": 7, "fields": {"internal_key": "depreciation_cost_solar_farm", "endpoint": "query", "data_type": "value", "etm_key": "depreciation_costs_solar_farm_per_kw", "related_config": 2, "related_interactive_element": null, "interactive_upscaling_comment": null}}, {"model": "holon.etmquery", "pk": 8, "fields": {"internal_key": "depreciation_costs_buildings_gas_bu", "endpoint": "query", "data_type": "value", "etm_key": "depreciation_costs_buildings_gas_burner_per_kw", "related_config": 2, "related_interactive_element": null, "interactive_upscaling_comment": null}}, {"model": "holon.etmquery", "pk": 9, "fields": {"internal_key": "depreciation_costs_buildings_solar_", "endpoint": "query", "data_type": "value", "etm_key": "depreciation_costs_buildings_solar_panels_per_kw", "related_config": 2, "related_interactive_element": null, "interactive_upscaling_comment": null}}, {"model": "holon.etmquery", "pk": 10, "fields": {"internal_key": "depreciation_costs_industry_solar_p", "endpoint": "query", "data_type": "value", "etm_key": "depreciation_costs_industry_solar_panels_per_kw", "related_config": 2, "related_interactive_element": null, "interactive_upscaling_comment": null}}, {"model": "holon.etmquery", "pk": 11, "fields": {"internal_key": "depreciation_costs_industry_gas_bur", "endpoint": "query", "data_type": "value", "etm_key": "depreciation_costs_industry_gas_burner_per_kw", "related_config": 2, "related_interactive_element": null, "interactive_upscaling_comment": null}}, {"model": "holon.etmquery", "pk": 12, "fields": {"internal_key": "electricity_grid_expansion_costs_lv", "endpoint": "query", "data_type": "value", "etm_key": "electricity_grid_expansion_costs_lv_mv_trafo_per_kw", "related_config": 2, "related_interactive_element": null, "interactive_upscaling_comment": null}}, {"model": "holon.etmquery", "pk": 13, "fields": {"internal_key": "electricity_grid_expansion_costs_mv", "endpoint": "query", "data_type": "value", "etm_key": "electricity_grid_expansion_costs_mv_hv_trafo_per_kw", "related_config": 2, "related_interactive_element": null, "interactive_upscaling_comment": null}}, {"model": "holon.etmquery", "pk": 14, "fields": {"internal_key": "shadow_key_households", "endpoint": "input", "data_type": "value", "etm_key": "households_heater_heatpump_air_water_electricity_share", "related_config": 1, "related_interactive_element": null, "interactive_upscaling_comment": null}}, {"model": "holon.etmquery", "pk": 15, "fields": {"internal_key": "households_heater_hybrid_heatpump", "endpoint": "input", "data_type": "value", "etm_key": "households_heater_hybrid_heatpump_air_water_electricity_share", "related_config": 1, "related_interactive_element": null, "interactive_upscaling_comment": null}}, {"model": "holon.etmquery", "pk": 16, "fields": {"internal_key": "households_solar_pv_solar_radiation", "endpoint": "input", "data_type": "value", "etm_key": "households_solar_pv_solar_radiation_market_penetration", "related_config": 1, "related_interactive_element": null, "interactive_upscaling_comment": null}}, {"model": "holon.etmquery", "pk": 17, "fields": {"internal_key": "households_flexibility_p2p_electric", "endpoint": "input", "data_type": "value", "etm_key": "households_flexibility_p2p_electricity_market_penetration", "related_config": 1, "related_interactive_element": null, "interactive_upscaling_comment": null}}, {"model": "holon.etmquery", "pk": 18, "fields": {"internal_key": "households_cooker_induction_electri", "endpoint": "input", "data_type": "value", "etm_key": "households_cooker_induction_electricity_share", "related_config": 1, "related_interactive_element": null, "interactive_upscaling_comment": null}}, {"model": "holon.etmquery", "pk": 19, "fields": {"internal_key": "shadow_mv_batteries", "endpoint": "input", "data_type": "value", "etm_key": "capacity_of_energy_flexibility_mv_batteries_electricity", "related_config": 1, "related_interactive_element": null, "interactive_upscaling_comment": null}}, {"model": "holon.etmquery", "pk": 20, "fields": {"internal_key": "tester_etm_key_value_input", "endpoint": "input", "data_type": "value", "etm_key": "tester_etm_key_value_input", "related_config": 3, "related_interactive_element": null, "interactive_upscaling_comment": null}}, {"model": "holon.etmquery", "pk": 21, "fields": {"internal_key": "shadow_tester_etm_key", "endpoint": "input", "data_type": "value", "etm_key": "tester_etm_key", "related_config": 4, "related_interactive_element": null, "interactive_upscaling_comment": null}}, {"model": "holon.staticconversion", "pk": 1, "fields": {"etm_query": 1, "value": null, "local_variable": 3, "conversion": "multiply", "shadow_key": "scaling_buurtelektrificatie"}}, {"model": "holon.staticconversion", "pk": 2, "fields": {"etm_query": 14, "value": null, "local_variable": 2, "conversion": "multiply", "shadow_key": "share_of_households_heat_pumps"}}, {"model": "holon.staticconversion", "pk": 3, "fields": {"etm_query": 15, "value": null, "local_variable": 2, "conversion": "multiply", "shadow_key": "share_of_households_hybrid_heat_pumps"}}, {"model": "holon.staticconversion", "pk": 4, "fields": {"etm_query": 16, "value": null, "local_variable": 2, "conversion": "multiply", "shadow_key": "scaling_buurtelektrificatie"}}, {"model": "holon.staticconversion", "pk": 5, "fields": {"etm_query": 17, "value": null, "local_variable": 2, "conversion": "multiply", "shadow_key": "share_of_households_batteries"}}, {"model": "holon.staticconversion", "pk": 6, "fields": {"etm_query": 18, "value": null, "local_variable": 2, "conversion": "multiply", "shadow_key": "share_of_households_induction_cooking"}}, {"model": "holon.staticconversion", "pk": 7, "fields": {"etm_query": 19, "value": null, "local_variable": 1, "conversion": "multiply", "shadow_key": "installed_energy_grid_battery"}}, {"model": "holon.etmconversion", "pk": 1, "fields": {"etm_query": 1, "conversion": "multiply", "conversion_value_type": "value", "etm_key": "Tester_convert_with_etm", "shadow_key": "shadow_tester_convert_with_etm"}}, {"model": "holon.datamodelconversion", "pk": 1, "fields": {"etm_query": 1, "conversion": "multiply", "conversion_value_type": "value", "filter": "not_implemented", "self_conversion": "sum", "shadow_key": "Tester_datamodel_conversion"}}, {"model": "holon.policy", "pk": 1, "fields": {"polymorphic_ctype": ["holon", "policy"], "parameter": "Time_buffer_for_spread_charging_min", "value": "60", "unit": "minutes", "comment": "Time_buffer_for_spread_charging, Integer value", "payload": 1, "wildcard_JSON": null}}, {"model": "holon.policy", "pk": 2, "fields": {"polymorphic_ctype": ["holon", "policy"], "parameter": "Grid_MS_congestion_allowance_level_kW", "value": "0", "unit": "kW", "comment": "gridOperator policy variable", "payload": 1, "wildcard_JSON": null}}, {"model": "holon.policy", "pk": 3, "fields": {"polymorphic_ctype": ["holon", "policy"], "parameter": "Grid_MS_congestion_price_eurpkWh", "value": "0.2", "unit": "eurpkWh", "comment": "gridOperator policy value", "payload": 1, "wildcard_JSON": null}}, {"model": "holon.policy", "pk": 4, "fields": {"polymorphic_ctype": ["holon", "policy"], "parameter": "Grid_MS_congestion_threshold_fr", "value": "0.5", "unit": "fr", "comment": "gridOperator policy value", "payload": 1, "wildcard_JSON": null}}, {"model": "holon.policy", "pk": 5, "fields": {"polymorphic_ctype": ["holon", "policy"], "parameter": "Grid_MS_congestion_pricing_consumption_eurpkWh", "value": "TRUE", "unit": null, "comment": "gridOperator policy value", "payload": 1, "wildcard_JSON": null}}]