[
    {
        "model": "holon.scenario",
        "pk": 1,
        "fields": {
            "name": "Case bedrijventerrein",
            "etm_scenario_id": 2171098
        }
    },
    {
        "model": "holon.actor",
        "pk": 4,
        "fields": {
            "polymorphic_ctype": 73,
            "category": "GRIDOPERATOR",
            "type": null,
            "parent_actor": null,
            "payload": 1
        }
    },
    {
        "model": "holon.actor",
        "pk": 5,
        "fields": {
            "polymorphic_ctype": 73,
            "category": "ENERGYHOLON",
            "type": null,
            "parent_actor": null,
            "payload": 1
        }
    },
    {
        "model": "holon.actor",
        "pk": 6,
        "fields": {
            "polymorphic_ctype": 73,
            "category": "CONNECTIONOWNER",
            "type": "commercial",
            "parent_actor": 5,
            "payload": 1
        }
    },
    {
        "model": "holon.actor",
        "pk": 7,
        "fields": {
            "polymorphic_ctype": 73,
            "category": "CONNECTIONOWNER",
            "type": "commercial",
            "parent_actor": 5,
            "payload": 1
        }
    },
    {
        "model": "holon.actor",
        "pk": 8,
        "fields": {
            "polymorphic_ctype": 73,
            "category": "CONNECTIONOWNER",
            "type": "commercial",
            "parent_actor": 5,
            "payload": 1
        }
    },
    {
        "model": "holon.actor",
        "pk": 9,
        "fields": {
            "polymorphic_ctype": 73,
            "category": "CONNECTIONOWNER",
            "type": "commercial",
            "parent_actor": 5,
            "payload": 1
        }
    },
    {
        "model": "holon.actor",
        "pk": 10,
        "fields": {
            "polymorphic_ctype": 73,
            "category": "ENERGYSUPPLIER",
            "type": null,
            "parent_actor": null,
            "payload": 1
        }
    },
    {
        "model": "holon.gridnode",
        "pk": 1,
        "fields": {
            "polymorphic_ctype": 81,
            "owner_actor": 4,
            "capacity_kw": 500000.0,
            "parent": null,
            "payload": 1
        }
    },
    {
        "model": "holon.gridnode",
        "pk": 2,
        "fields": {
            "polymorphic_ctype": 81,
            "owner_actor": 4,
            "capacity_kw": 2000.0,
            "parent": 1,
            "payload": 1
        }
    },
    {
        "model": "holon.electricgridnode",
        "pk": 1,
        "fields": { "type": "HSMS" }
    },
    {
        "model": "holon.electricgridnode",
        "pk": 2,
        "fields": { "type": "MSLS" }
    },
    {
        "model": "holon.gridconnection",
        "pk": 1,
        "fields": {
            "polymorphic_ctype": 91,
            "owner_actor": 6,
            "capacity_kw": 750.0,
            "parent_electric": 2,
            "parent_heat": null,
            "charging_mode": "MAX_POWER",
            "battery_mode": "BALANCE",
            "nfATO_capacity_kw": 900.0,
            "nfATO_starttime": 18.0,
            "nfATO_endtime": 7.0,
            "payload": 1
        }
    },
    {
        "model": "holon.gridconnection",
        "pk": 2,
        "fields": {
            "polymorphic_ctype": 102,
            "owner_actor": 7,
            "capacity_kw": 1000.0,
            "parent_electric": 2,
            "parent_heat": null,
            "charging_mode": null,
            "battery_mode": null,
            "nfATO_capacity_kw": null,
            "nfATO_starttime": null,
            "nfATO_endtime": null,
            "payload": 1
        }
    },
    {
        "model": "holon.gridconnection",
        "pk": 3,
        "fields": {
            "polymorphic_ctype": 87,
            "owner_actor": 8,
            "capacity_kw": 3000.0,
            "parent_electric": 2,
            "parent_heat": null,
            "charging_mode": null,
            "battery_mode": null,
            "nfATO_capacity_kw": null,
            "nfATO_starttime": null,
            "nfATO_endtime": null,
            "payload": 1
        }
    },
    {
        "model": "holon.gridconnection",
        "pk": 4,
        "fields": {
            "polymorphic_ctype": 87,
            "owner_actor": 9,
            "capacity_kw": 2000.0,
            "parent_electric": 2,
            "parent_heat": null,
            "charging_mode": null,
            "battery_mode": "BALANCE",
            "nfATO_capacity_kw": null,
            "nfATO_starttime": null,
            "nfATO_endtime": null,
            "payload": 1
        }
    },
    {
        "model": "holon.builtenvironmentgridconnection",
        "pk": 1,
        "fields": { "insulation_label": -1, "heating_type": "GASBURNER" }
    },
    {
        "model": "holon.utilitygridconnection",
        "pk": 2,
        "fields": { "heating_type": "GASBURNER" }
    },
    {
        "model": "holon.buildinggridconnection",
        "pk": 1,
        "fields": { "type": "LOGISTICS" }
    },
    {
        "model": "holon.productiongridconnection",
        "pk": 3,
        "fields": { "category": "SOLARFARM" }
    },
    {
        "model": "holon.productiongridconnection",
        "pk": 4,
        "fields": { "category": "GRIDBATTERY" }
    },
    {
        "model": "holon.industrygridconnection",
        "pk": 2,
        "fields": { "type": "INDUSTRY_OTHER" }
    },
    {
        "model": "holon.energyasset",
        "pk": 1,
        "fields": {
            "polymorphic_ctype": 82,
            "gridconnection": 4,
            "name": "Grid_battery_10MWh"
        }
    },
    {
        "model": "holon.energyasset",
        "pk": 2,
        "fields": {
            "polymorphic_ctype": 95,
            "gridconnection": 3,
            "name": "Solarpanels_1MW"
        }
    },
    {
        "model": "holon.energyasset",
        "pk": 3,
        "fields": {
            "polymorphic_ctype": 96,
            "gridconnection": 2,
            "name": "Industry other heat demand"
        }
    },
    {
        "model": "holon.energyasset",
        "pk": 4,
        "fields": {
            "polymorphic_ctype": 93,
            "gridconnection": 2,
            "name": "Office_other_electricity"
        }
    },
    {
        "model": "holon.energyasset",
        "pk": 5,
        "fields": {
            "polymorphic_ctype": 105,
            "gridconnection": 2,
            "name": "Building_gas_burner_60kW"
        }
    },
    {
        "model": "holon.energyasset",
        "pk": 6,
        "fields": {
            "polymorphic_ctype": 104,
            "gridconnection": 1,
            "name": "EHGV"
        }
    },
    {
        "model": "holon.energyasset",
        "pk": 7,
        "fields": {
            "polymorphic_ctype": 103,
            "gridconnection": 1,
            "name": "Diesel truck"
        }
    },
    {
        "model": "holon.energyasset",
        "pk": 8,
        "fields": {
            "polymorphic_ctype": 82,
            "gridconnection": 1,
            "name": "Grid battery 10MWh"
        }
    },
    {
        "model": "holon.energyasset",
        "pk": 9,
        "fields": {
            "polymorphic_ctype": 105,
            "gridconnection": 1,
            "name": "Building_gas_burner_60kW"
        }
    },
    {
        "model": "holon.energyasset",
        "pk": 10,
        "fields": {
            "polymorphic_ctype": 95,
            "gridconnection": 1,
            "name": "Building solar panels 10 kWp"
        }
    },
    {
        "model": "holon.consumptionasset",
        "pk": 3,
        "fields": { "type": "HEAT_DEMAND" }
    },
    {
        "model": "holon.consumptionasset",
        "pk": 4,
        "fields": { "type": "ELECTRICITY_DEMAND" }
    },
    {
        "model": "holon.heatconsumptionasset",
        "pk": 3,
        "fields": { "yearlyDemandHeat_kWh": 600000.0 }
    },
    {
        "model": "holon.electricconsumptionasset",
        "pk": 4,
        "fields": { "yearlyDemandElectricity_kWh": 3500000.0 }
    },
    {
        "model": "holon.conversionasset",
        "pk": 5,
        "fields": { "type": "GAS_BURNER", "eta_r": 0.95 }
    },
    {
        "model": "holon.conversionasset",
        "pk": 7,
        "fields": { "type": "DIESEL_VEHICLE", "eta_r": 0.95 }
    },
    {
        "model": "holon.conversionasset",
        "pk": 9,
        "fields": { "type": "GAS_BURNER", "eta_r": 0.95 }
    },
    {
        "model": "holon.vehicleconversionasset",
        "pk": 7,
        "fields": { "energyConsumption_kWhpkm": 1.3, "vehicleScaling": 30 }
    },
    {
        "model": "holon.heatconversionasset",
        "pk": 5,
        "fields": { "deliveryTemp_degc": 90.0 }
    },
    {
        "model": "holon.heatconversionasset",
        "pk": 9,
        "fields": { "deliveryTemp_degc": 90.0 }
    },
    {
        "model": "holon.chemicalheatconversionasset",
        "pk": 5,
        "fields": { "capacityHeat_kW": 60.0 }
    },
    {
        "model": "holon.chemicalheatconversionasset",
        "pk": 9,
        "fields": { "capacityHeat_kW": 60.0 }
    },
    {
        "model": "holon.productionasset",
        "pk": 2,
        "fields": { "type": "PHOTOVOLTAIC" }
    },
    {
        "model": "holon.productionasset",
        "pk": 10,
        "fields": { "type": "PHOTOVOLTAIC" }
    },
    {
        "model": "holon.electricproductionasset",
        "pk": 2,
        "fields": { "capacityElectricity_kW": 1000.0 }
    },
    {
        "model": "holon.electricproductionasset",
        "pk": 10,
        "fields": { "capacityElectricity_kW": 10.0 }
    },
    {
        "model": "holon.storageasset",
        "pk": 1,
        "fields": { "type": "STORAGE_ELECTRIC", "stateOfCharge_r": 0.5 }
    },
    {
        "model": "holon.storageasset",
        "pk": 6,
        "fields": { "type": "ELECTRIC_VEHICLE", "stateOfCharge_r": 1.0 }
    },
    {
        "model": "holon.storageasset",
        "pk": 8,
        "fields": { "type": "STORAGE_ELECTRIC", "stateOfCharge_r": 1.0 }
    },
    {
        "model": "holon.electricstorageasset",
        "pk": 1,
        "fields": {
            "capacityElectricity_kW": 2000.0,
            "storageCapacity_kWh": 10000.0
        }
    },
    {
        "model": "holon.electricstorageasset",
        "pk": 6,
        "fields": {
            "capacityElectricity_kW": 100.0,
            "storageCapacity_kWh": 500.0
        }
    },
    {
        "model": "holon.electricstorageasset",
        "pk": 8,
        "fields": {
            "capacityElectricity_kW": 2000.0,
            "storageCapacity_kWh": 10000.0
        }
    },
    {
        "model": "holon.vehicleelectricstorageasset",
        "pk": 6,
        "fields": { "energyConsumption_kWhpkm": 1.3, "vehicleScaling": 30 }
    },
    {
        "model": "holon.contract",
        "pk": 1,
        "fields": {
            "polymorphic_ctype": 90,
            "type": "FIXED",
            "contract_scope": "ENERGYSUPPLIER",
            "actor": 6
        }
    },
    {
        "model": "holon.contract",
        "pk": 2,
        "fields": {
            "polymorphic_ctype": 90,
            "type": "FIXED",
            "contract_scope": "ENERGYSUPPLIER",
            "actor": 7
        }
    },
    {
        "model": "holon.contract",
        "pk": 3,
        "fields": {
            "polymorphic_ctype": 90,
            "type": "FIXED",
            "contract_scope": "ENERGYSUPPLIER",
            "actor": 8
        }
    },
    {
        "model": "holon.contract",
        "pk": 4,
        "fields": {
            "polymorphic_ctype": 90,
            "type": "FIXED",
            "contract_scope": "ENERGYSUPPLIER",
            "actor": 9
        }
    },
    {
        "model": "holon.policy",
        "pk": 1,
        "fields": {
            "polymorphic_ctype": 89,
            "parameter": "Grid_MS_congestion_allowance_level_kW",
            "value": "0",
            "unit": "kW",
            "comment": "gridOperator policy variable",
            "payload": 1
        }
    },
    {
        "model": "holon.policy",
        "pk": 2,
        "fields": {
            "polymorphic_ctype": 89,
            "parameter": "Grid_MS_congestion_price_eurpkWh",
            "value": "0.3",
            "unit": "eurpkWh",
            "comment": "gridOperator policy value",
            "payload": 1
        }
    },
    {
        "model": "holon.policy",
        "pk": 3,
        "fields": {
            "polymorphic_ctype": 89,
            "parameter": "Grid_MS_congestion_threshold_fr",
            "value": "0.5",
            "unit": "fr",
            "comment": "gridOperator policy value",
            "payload": 1
        }
    },
    {
        "model": "holon.policy",
        "pk": 4,
        "fields": {
            "polymorphic_ctype": 89,
            "parameter": "Grid_MS_congestion_pricing_consumption_eurpkWh",
            "value": "TRUE",
            "unit": null,
            "comment": "gridOperator policy value",
            "payload": 1
        }
    },
    {
        "model": "holon.policy",
        "pk": 5,
        "fields": {
            "polymorphic_ctype": 89,
            "parameter": "Grid_MS_congestion_pricing_production_eurpkWh",
            "value": "TRUE",
            "unit": null,
            "comment": "gridOperator policy value",
            "payload": 1
        }
    },
    {
        "model": "holon.policy",
        "pk": 6,
        "fields": {
            "polymorphic_ctype": 89,
            "parameter": "Fixed_electricity_price_eurpkWh",
            "value": "0.21",
            "unit": "EUR p kWh",
            "comment": "Fixed_electricity_price",
            "payload": 1
        }
    },
    {
        "model": "holon.policy",
        "pk": 7,
        "fields": {
            "polymorphic_ctype": 89,
            "parameter": "Fixed_heat_price_eurpkWh",
            "value": "0.10",
            "unit": "EUR p kWh",
            "comment": "Fixed_heat_price",
            "payload": 1
        }
    },
    {
        "model": "holon.policy",
        "pk": 8,
        "fields": {
            "polymorphic_ctype": 89,
            "parameter": "Fixed_methane_price_eurpkWh",
            "value": "0.05",
            "unit": "EUR p kWh",
            "comment": "Fixed_methane_price",
            "payload": 1
        }
    },
    {
        "model": "holon.policy",
        "pk": 9,
        "fields": {
            "polymorphic_ctype": 89,
            "parameter": "Fixed_hydrogen_price_eurpkWh",
            "value": "0.3",
            "unit": "EUR p kWh",
            "comment": "Fixed_hydrogen_price",
            "payload": 1
        }
    },
    {
        "model": "holon.policy",
        "pk": 10,
        "fields": {
            "polymorphic_ctype": 89,
            "parameter": "Energy_supplier_electricity_price_margin_eurpkWh",
            "value": "0.17",
            "unit": "fr",
            "comment": "p_variableElectricityPriceOverNational_eurpkWh",
            "payload": 1
        }
    },
    {
        "model": "holon.policy",
        "pk": 11,
        "fields": {
            "polymorphic_ctype": 89,
            "parameter": "Fixed_electricity_feed_in_tariff_eurpkWh",
            "value": "0.1",
            "unit": "EUR_pKWh",
            "comment": "p_fixedFeedinTariff_eurpkWh",
            "payload": 1
        }
    },
    {
        "model": "holon.policy",
        "pk": 12,
        "fields": {
            "polymorphic_ctype": 89,
            "parameter": "Fixed_diesel_price_eurpkWh",
            "value": "0.2",
            "unit": "EUR_pKWh",
            "comment": "Fixed_diesel_price",
            "payload": 1
        }
    },
    {
        "model": "holon.policy",
        "pk": 13,
        "fields": {
            "polymorphic_ctype": 89,
            "parameter": "Time_buffer_for_spread_charging_min",
            "value": "60",
            "unit": "minutes",
            "comment": "Time_buffer_for_spread_charging, Integer value",
            "payload": 1
        }
    }
]
